user_id,session_id,turn_index,timestamp,channel,modality,persona,utterance,true_intent,predicted_intent,confidence,is_fallback,is_correct,response_time_ms,time_to_first_response_ms,csat,frustrated_signal
U208f6f8c,S0212279e59,0,2026-09-07T01:02:00,web,text,family,Is there a family room for changing my baby?,family_room,restroom,0.527,False,False,586,307,2,False
U208f6f8c,S0212279e59,1,2026-09-07T01:02:55,web,text,family,"as I said Do I need to declare anything at customs? for the third time,",customs,customs,0.819,False,True,618,228,3,True
U208f6f8c,S0212279e59,2,2026-09-07T01:04:23,web,text,family,Is there a family room for changing my baby?,family_room,family_room,0.935,False,True,669,323,5,False
U208f6f8c,S0212279e59,3,2026-09-07T01:05:18,web,text,family,Where do I pick up my luggage?,baggage_claim,baggage_claim,0.945,False,True,756,398,4,False
U208f6f8c,S78d2c6b268,0,2026-09-04T13:39:00,web,text,family,Where are the self check-in kiosks?,self_checkin_kiosk,fallback,0.422,True,False,1069,448,1,False
U208f6f8c,S2b4d113c52,0,2026-09-04T02:24:00,mobile_app,text,family,Has my gate changed?,gate_change,boarding_time,0.487,False,False,1054,515,2,False
U208f6f8c,S2b4d113c52,1,2026-09-04T02:25:14,mobile_app,text,family,"I see an unattended bag, who do I report it to?",unattended_baggage,fallback,0.41,True,False,1057,540,1,False
U208f6f8c,S2b4d113c52,2,2026-09-04T02:26:24,mobile_app,text,family,Is there a play area for children?,kids_play_area,kids_play_area,0.786,False,True,1035,555,4,False
U208f6f8c,S2b4d113c52,3,2026-09-04T02:27:14,mobile_app,text,family,Is there a hotel inside the airport?,hotel_airside,lounge,0.526,False,False,583,342,3,False
U208f6f8c,S2b4d113c52,4,2026-09-04T02:27:45,mobile_app,voice,family,Where is the nearest emergency exit?,emergency_exit,police_desk,0.463,False,False,2593,1103,2,False
U208f6f8c,S2b4d113c52,5,2026-09-04T02:29:01,mobile_app,text,family,Where can I rent a car?,car_rental,car_rental,0.929,False,True,1205,569,5,False
U208f6f8c,S2b4d113c52,6,2026-09-04T02:29:10,mobile_app,text,family,"I've lost my child, who do I contact?",lost_child,out_of_scope,0.479,False,False,797,404,2,False
U208f6f8c,S8c1d1272db,0,2026-08-29T07:15:00,kiosk,image,family,Which bus goes to the city centre?,bus_stop,bus_stop,0.613,False,True,912,544,4,False
U208f6f8c,S8c1d1272db,1,2026-08-29T07:15:47,kiosk,text,family,"I've lost my child, who do I contact?",lost_child,uber_pickup,0.634,False,False,725,297,2,False
U208f6f8c,S8c1d1272db,2,2026-08-29T07:17:05,kiosk,text,family,How do I get to baggage claim?,baggage_claim,baggage_claim,0.667,False,True,848,311,4,False
U208f6f8c,S8c1d1272db,3,2026-08-29T07:17:42,kiosk,image,family,Where do I get picked up by Uber?,uber_pickup,uber_pickup,0.99,False,True,823,474,4,False
U208f6f8c,S33382a2655,0,2026-08-30T00:47:00,mobile_app,text,family,Where is the nearest information desk?,information_desk,information_desk,0.578,False,True,488,180,5,False
U208f6f8c,S33382a2655,1,2026-08-30T00:47:13,mobile_app,voice,family,"I need special assistance, I use a wheelchair.",special_assistance,information_desk,0.468,False,False,1558,747,2,False
U208f6f8c,S33382a2655,2,2026-08-30T00:48:17,mobile_app,text,family,Where is the transfer desk for connecting passengers?,transfer_desk,check_in,0.476,False,False,516,222,2,False
U208f6f8c,S33382a2655,3,2026-08-30T00:48:38,mobile_app,text,family,"again I need special assistance, I use a wheelchair.",special_assistance,information_desk,0.516,False,False,560,334,1,True
U208f6f8c,S33382a2655,4,2026-08-30T00:49:55,mobile_app,text,family,Is there a play area for children?,kids_play_area,kids_play_area,0.902,False,True,746,363,4,False
U208f6f8c,Sc60f673b55,0,2026-08-26T05:40:00,web,text,family,Where can I exchange money?,currency_exchange,currency_exchange,0.764,False,True,806,472,4,False
U208f6f8c,Sc60f673b55,1,2026-08-26T05:41:30,web,text,family,Is there a rest area or sleep pods?,sleeping_area,sleeping_area,0.79,False,True,488,217,5,False
Uea24a0c9,S5e7e80c00b,0,2026-09-07T07:17:00,mobile_app,image,leisure,Where is the nearest restroom?,restroom,restroom,0.667,False,True,2254,1351,4,False
Uea24a0c9,S5e7e80c00b,1,2026-09-07T07:18:10,mobile_app,text,leisure,Where can I find shops in the terminal?,shopping,shopping,0.972,False,True,506,217,4,False
Uea24a0c9,S5e7e80c00b,2,2026-09-07T07:18:42,mobile_app,text,leisure,Where can I refill my water bottle?,water_fountain,fallback,0.375,True,False,1633,902,1,False
Uea24a0c9,S5e7e80c00b,3,2026-09-07T07:19:39,mobile_app,voice,leisure,How do I connect to the airport Wi-Fi?,wifi,wifi,0.573,False,True,2446,1216,5,False
Uea24a0c9,S5e7e80c00b,4,2026-09-07T07:19:59,mobile_app,text,leisure,Where can I take a shower?,shower_facility,shower_facility,0.689,False,True,690,376,5,False
Uea24a0c9,S5e7e80c00b,5,2026-09-07T07:20:40,mobile_app,voice,leisure,Can I buy perfume after security?,duty_free,duty_free,0.751,False,True,2032,872,4,False
U02add602,S43b0ba45ee,0,2026-09-05T02:58:00,mobile_app,image,family,Where do I drop off my checked bag?,baggage_drop,baggage_drop,0.864,False,True,1031,372,4,False
U02add602,S43b0ba45ee,1,2026-09-05T02:58:15,mobile_app,text,family,Where is gate B12?,find_gate,find_gate,0.91,False,True,1034,522,5,False
U02add602,S43b0ba45ee,2,2026-09-05T02:58:53,mobile_app,voice,family,Is there a play area for children?,kids_play_area,kids_play_area,0.876,False,True,1125,524,4,False
U02add602,S672657fb3d,0,2026-09-01T16:37:00,mobile_app,text,family,Where can I eat before my flight?,restaurant,restaurant,0.99,False,True,961,422,5,False
U02add602,S672657fb3d,1,2026-09-01T16:37:45,mobile_app,text,family,How do I connect to the airport Wi-Fi?,wifi,wifi,0.99,False,True,684,393,5,False
U02add602,S5edafa7191,0,2026-09-04T11:39:00,mobile_app,voice,family,Is there a family room for changing my baby?,family_room,family_room,0.78,False,True,967,445,4,False
U9ac6911f,Sb751fe5cd1,0,2026-08-31T04:26:00,in_terminal_wifi,text,first_time,Where is the check in desk for international flights?,check_in,self_checkin_kiosk,0.51,False,False,584,322,2,False
U9ac6911f,Sb751fe5cd1,1,2026-08-31T04:26:51,in_terminal_wifi,text,first_time,Where is security control?,security,security,0.697,False,True,627,371,4,False
U4eb4fedd,Sb3cbfdb4f7,0,2026-08-25T13:34:00,mobile_app,text,leisure,Where is the nearest restroom?,restroom,restroom,0.901,False,True,740,422,5,False
U4eb4fedd,Sb3cbfdb4f7,1,2026-08-25T13:35:19,mobile_app,voice,leisure,Can I buy perfume after security?,duty_free,duty_free,0.658,False,True,1098,394,5,False
U4eb4fedd,Sb3cbfdb4f7,2,2026-08-25T13:36:30,mobile_app,text,leisure,Which bus goes to the city centre?,bus_stop,bus_stop,0.844,False,True,557,326,4,False
U4eb4fedd,Sb3cbfdb4f7,3,2026-08-25T13:37:31,mobile_app,voice,leisure,Where can I relax before my flight in terminal 2?,lounge,lounge,0.892,False,True,1168,472,5,False
U4eb4fedd,Sb3cbfdb4f7,4,2026-08-25T13:38:35,mobile_app,image,leisure,How do I connect to the airport Wi-Fi?,wifi,wifi,0.961,False,True,1856,834,5,False
Uf4cdea23,S1ab6417036,0,2026-09-07T19:05:00,web,text,business,Where can I pray at the airport?,prayer_room,prayer_room,0.673,False,True,776,432,4,False
Uf4cdea23,S1ab6417036,1,2026-09-07T19:06:18,web,text,business,Where is the nearest coffee shop?,coffee_shop,coffee_shop,0.893,False,True,585,283,5,False
Uf4cdea23,Sbfe65677a4,0,2026-08-27T05:22:00,kiosk,text,business,Where is the transfer desk for connecting passengers?,transfer_desk,transport,0.517,False,False,892,485,2,False
Uf4cdea23,Sbfe65677a4,1,2026-08-27T05:23:13,kiosk,text,business,Where is the airport police station?,police_desk,fallback,0.414,True,False,1855,1051,2,False
Uf4cdea23,Sbfe65677a4,2,2026-08-27T05:24:27,kiosk,text,business,Can you tell me how to get to gate A5?,find_gate,find_gate,0.99,False,True,940,346,4,False
Uf4cdea23,S3d809013b8,0,2026-08-27T13:39:00,mobile_app,text,business,How long is the security line right now?,security,security,0.643,False,True,2013,762,4,False
Uf4cdea23,S3d809013b8,1,2026-08-27T13:40:18,mobile_app,text,business,Where is security control?,security,security,0.91,False,True,866,461,4,False
Uf4cdea23,S3d809013b8,2,2026-08-27T13:41:06,mobile_app,voice,business,Is there a hotel inside the airport?,hotel_airside,fallback,0.441,True,False,2642,988,1,False
Uf4cdea23,S3d809013b8,3,2026-08-27T13:42:01,mobile_app,voice,business,"I have a connecting flight, where do I go?",transit_connection,fallback,0.444,True,False,1253,733,2,False
Uf4cdea23,S2d6536f380,0,2026-09-05T06:18:00,web,text,business,Where is the pharmacy?,pharmacy,pharmacy,0.754,False,True,565,213,5,False
Uf4cdea23,S2d6536f380,1,2026-09-05T06:18:43,web,text,business,Where is the parking garage?,parking,parking,0.99,False,True,335,119,4,False
Uf4cdea23,Sd73f4534a2,0,2026-08-29T15:22:00,web,voice,business,Where can I find an ATM?,atm,atm,0.649,False,True,1417,656,4,False
Uf4cdea23,Scfcc7dbf75,0,2026-09-06T23:38:00,web,text,business,What time does boarding start for my flight?,boarding_time,boarding_time,0.911,False,True,1102,499,4,False
Uf4cdea23,Scfcc7dbf75,1,2026-09-06T23:38:35,web,text,business,Can I smoke inside the terminal?,smoking_area,smoking_area,0.895,False,True,514,219,4,False
Uf4cdea23,Scfcc7dbf75,2,2026-09-06T23:39:11,web,text,business,Has my gate changed?,gate_change,gate_change,0.652,False,True,745,353,5,False
U8c13b8b9,S9f0c6503ae,0,2026-09-02T22:53:00,web,text,business,How long is the security line right now?,security,security,0.662,False,True,1040,513,5,False
U8c13b8b9,S9f0c6503ae,1,2026-09-02T22:54:29,web,text,business,Is there halal food available at the airport?,halal_food,fallback,0.43,True,False,1536,714,2,False
U8c13b8b9,S9f0c6503ae,2,2026-09-02T22:55:23,web,voice,business,What time does boarding start for my flight?,boarding_time,boarding_time,0.767,False,True,2607,1420,5,False
U8c13b8b9,S9f0c6503ae,3,2026-09-02T22:55:40,web,text,business,"I've lost my child, who do I contact?",lost_child,information_desk,0.465,False,False,962,393,2,False
U5a53a5c4,S3bb838a454,0,2026-09-07T01:04:00,mobile_app,voice,family,Is there a play area for children?,kids_play_area,kids_play_area,0.945,False,True,2369,1413,4,False
U5a53a5c4,S3bb838a454,1,2026-09-07T01:04:49,mobile_app,voice,family,Can I smoke inside the terminal?,smoking_area,smoking_area,0.786,False,True,1820,670,4,False
U5a53a5c4,S3bb838a454,2,2026-09-07T01:05:56,mobile_app,text,family,Is there a play area for children?,kids_play_area,kids_play_area,0.759,False,True,854,425,5,False
U5a53a5c4,S3bb838a454,3,2026-09-07T01:06:53,mobile_app,voice,family,Is there a play area for children?,kids_play_area,kids_play_area,0.826,False,True,797,291,4,False
U5a53a5c4,S3bb838a454,4,2026-09-07T01:07:14,mobile_app,image,family,Where is the nearest restroom?,restroom,shower_facility,0.79,False,False,1009,485,1,False
U8940bd92,Sf23062fe71,0,2026-08-31T15:43:00,mobile_app,text,leisure,Where is the airport police station?,police_desk,fallback,0.428,True,False,841,473,2,False
U9a390306,S95cd041670,0,2026-08-27T16:19:00,web,text,transit,Is there a shuttle to nearby hotels?,hotel_shuttle,information_desk,0.513,False,False,674,354,2,False
U9a390306,S95cd041670,1,2026-08-27T16:20:15,web,text,transit,Is there a USB charging point near the gates?,charging_station,charging_station,0.797,False,True,732,439,5,False
U9a390306,S95cd041670,2,2026-08-27T16:20:42,web,voice,transit,Where can I rent a car?,car_rental,car_rental,0.682,False,True,2313,1154,4,False
U9a390306,S95cd041670,3,2026-08-27T16:21:09,web,voice,transit,still Where is the nearest coffee shop?,coffee_shop,coffee_shop,0.789,False,True,870,474,3,True
U9a390306,S95cd041670,4,2026-08-27T16:21:46,web,text,transit,Where can I relax before my flight in terminal 2?,lounge,lounge,0.692,False,True,881,433,5,False
U9a390306,S95cd041670,5,2026-08-27T16:22:50,web,text,transit,as I said Where can I relax before my flight in terminal 2? you're not helping,lounge,sleeping_area,0.712,False,False,982,374,1,True
U9a390306,Sf04092af8d,0,2026-08-29T19:57:00,mobile_app,image,transit,Where can I relax before my flight in terminal 2?,lounge,lounge,0.99,False,True,2036,902,4,False
U9a390306,Sac2f2fb6a8,0,2026-08-30T12:01:00,mobile_app,text,transit,Where is gate B12?,find_gate,find_gate,0.796,False,True,539,207,5,False
U9a390306,Sac2f2fb6a8,1,2026-08-30T12:02:08,mobile_app,text,transit,still Is there a shuttle to nearby hotels? hello?? are you there,hotel_shuttle,fallback,0.388,True,False,870,367,1,True
U9a390306,Sac2f2fb6a8,2,2026-08-30T12:02:54,mobile_app,text,transit,Where is a power outlet in the terminal?,charging_station,charging_station,0.712,False,True,505,207,5,False
U9a390306,Sac2f2fb6a8,3,2026-08-30T12:03:20,mobile_app,text,transit,Where is gate C3?,find_gate,find_gate,0.835,False,True,681,404,4,False
U9a390306,Seae8b23480,0,2026-09-02T21:50:00,mobile_app,text,transit,Is there a shuttle to nearby hotels?,hotel_shuttle,information_desk,0.539,False,False,677,277,2,False
U9a390306,Seae8b23480,1,2026-09-02T21:51:28,mobile_app,voice,transit,"My phone is dead, where can I charge it?",charging_station,charging_station,0.763,False,True,1356,632,5,False
U9a390306,Seae8b23480,2,2026-09-02T21:52:37,mobile_app,voice,transit,still Where can I pray at the airport?,prayer_room,prayer_room,0.946,False,True,1449,651,4,True
U9a390306,Seae8b23480,3,2026-09-02T21:53:54,mobile_app,text,transit,Is there a play area for children?,kids_play_area,kids_play_area,0.761,False,True,584,258,5,False
U9a390306,Seae8b23480,4,2026-09-02T21:54:53,mobile_app,image,transit,Where can I take a shower?,shower_facility,shower_facility,0.834,False,True,604,289,5,False
U9a390306,Seae8b23480,5,2026-09-02T21:55:11,mobile_app,text,transit,as I said Where can I take a shower? hello?? are you there,shower_facility,shower_facility,0.642,False,True,497,229,4,True
U9a1656cf,S5e6b8ba1ab,0,2026-08-31T00:27:00,web,image,transit,Is there a family room for changing my baby?,family_room,family_room,0.825,False,True,1281,458,5,False
U9a1656cf,S5e6b8ba1ab,1,2026-08-31T00:28:25,web,text,transit,Where are the self check-in kiosks?,self_checkin_kiosk,family_room,0.479,False,False,800,310,2,False
U75fabc26,S42808de451,0,2026-09-03T09:33:00,kiosk,image,leisure,Where can I exchange money?,currency_exchange,currency_exchange,0.857,False,True,952,395,5,False
U75fabc26,S42808de451,1,2026-09-03T09:33:41,kiosk,text,leisure,Is there a restaurant open now near gate B12?,restaurant,coffee_shop,0.679,False,False,518,192,3,False
U75fabc26,Sc969d6a4b5,0,2026-09-02T22:18:00,web,voice,leisure,Is there a rest area or sleep pods?,sleeping_area,sleeping_area,0.695,False,True,751,288,5,False
U75fabc26,Sc969d6a4b5,1,2026-09-02T22:19:11,web,text,leisure,How do I get to baggage claim?,baggage_claim,baggage_claim,0.876,False,True,951,570,5,False
U75fabc26,S0db384c374,0,2026-09-07T23:04:00,kiosk,text,leisure,What time does boarding start for my flight?,boarding_time,boarding_time,0.894,False,True,807,319,4,False
U75fabc26,S0db384c374,1,2026-09-07T23:04:24,kiosk,image,leisure,Where is gate B12?,find_gate,find_gate,0.838,False,True,1424,835,5,False
U75fabc26,S0db384c374,2,2026-09-07T23:05:38,kiosk,image,leisure,Where can I take a shower?,shower_facility,shower_facility,0.746,False,True,1163,553,5,False
U75fabc26,S0db384c374,3,2026-09-07T23:06:07,kiosk,text,leisure,Where can I relax before my flight in terminal 2?,lounge,lounge,0.9,False,True,1131,403,4,False
U75fabc26,Sb6fdffcece,0,2026-09-06T23:16:00,mobile_app,voice,leisure,Where can I pray at the airport?,prayer_room,prayer_room,0.612,False,True,2100,1158,5,False
U75fabc26,Sb6fdffcece,1,2026-09-06T23:16:59,mobile_app,text,leisure,Can I buy perfume after security?,duty_free,duty_free,0.905,False,True,538,207,5,False
U791ab146,S785dfaacb7,0,2026-08-31T09:48:00,mobile_app,text,first_time,Where is the customs declaration desk?,customs,customs,0.932,False,True,1638,927,5,False
U791ab146,S785dfaacb7,1,2026-08-31T09:49:01,mobile_app,image,first_time,Is there a currency exchange counter near departures?,currency_exchange,currency_exchange,0.837,False,True,1742,812,5,False
U791ab146,Sb0425c6d1f,0,2026-08-31T21:29:00,mobile_app,text,first_time,Where do I get a visa on arrival?,visa_on_arrival,information_desk,0.527,False,False,804,308,2,False
U791ab146,Sb0425c6d1f,1,2026-08-31T21:29:41,mobile_app,voice,first_time,Where is the nearest restroom? come on,restroom,restroom,0.763,False,True,2371,1282,4,True
U791ab146,Sb0425c6d1f,2,2026-08-31T21:30:24,mobile_app,voice,first_time,Where can I take a shower?,shower_facility,shower_facility,0.712,False,True,1453,782,4,False
U791ab146,Sb0425c6d1f,3,2026-08-31T21:30:57,mobile_app,text,first_time,one more time Where can I get a luggage trolley? I already asked this,luggage_trolley,luggage_trolley,0.79,False,True,528,228,4,True
U791ab146,Sb0425c6d1f,4,2026-08-31T21:32:23,mobile_app,text,first_time,Do I need to declare anything at customs?,customs,customs,0.648,False,True,468,206,4,False
U791ab146,Sb0425c6d1f,5,2026-08-31T21:32:45,mobile_app,voice,first_time,Where can I refill my water bottle?,water_fountain,water_fountain,0.7,False,True,1556,922,5,False
U791ab146,Sb0425c6d1f,6,2026-08-31T21:34:07,mobile_app,voice,first_time,"I've lost my child, who do I contact? you're not helping",lost_child,fallback,0.426,True,False,2057,935,1,True
U791ab146,Sb0425c6d1f,7,2026-08-31T21:35:07,mobile_app,text,first_time,Where is the nearest restroom?,restroom,restroom,0.941,False,True,726,279,4,False
U22e3b515,Sd0140fbe17,0,2026-09-01T21:24:00,mobile_app,text,business,Where do I get a visa on arrival?,visa_on_arrival,visa_on_arrival,0.618,False,True,807,395,5,False
U22e3b515,Sd0140fbe17,1,2026-09-01T21:24:36,mobile_app,image,business,How do I connect to the airport Wi-Fi?,wifi,wifi,0.805,False,True,779,427,4,False
U22e3b515,Sd0140fbe17,2,2026-09-01T21:25:19,mobile_app,voice,business,Can you tell me how to get to gate A5?,find_gate,find_gate,0.987,False,True,3001,1268,4,False
U22e3b515,Sfb34bebef9,0,2026-08-26T16:59:00,mobile_app,text,business,Where can I relax before my flight in terminal 2?,lounge,lounge,0.853,False,True,519,213,4,False
U22e3b515,Sfb34bebef9,1,2026-08-26T17:00:15,mobile_app,text,business,Where can I exchange money?,currency_exchange,currency_exchange,0.907,False,True,884,503,3,True
U769a1ab1,S3bc6650c11,0,2026-08-29T15:18:00,web,image,transit,Is there a restaurant open now near gate B12?,restaurant,restaurant,0.913,False,True,1709,673,5,False
U769a1ab1,S3bc6650c11,1,2026-08-29T15:18:12,web,text,transit,What's the weather like in London?,out_of_scope,fallback,0.99,True,False,1024,432,1,False
U769a1ab1,S3bc6650c11,2,2026-08-29T15:18:24,web,text,transit,Where can I find an ATM?,atm,atm,0.99,False,True,1371,573,5,False
U769a1ab1,S3bc6650c11,3,2026-08-29T15:18:46,web,text,transit,Where is gate C3?,find_gate,find_gate,0.926,False,True,697,342,4,False
U769a1ab1,S3bc6650c11,4,2026-08-29T15:19:18,web,voice,transit,Where is the nearest coffee shop?,coffee_shop,coffee_shop,0.939,False,True,1101,516,5,False
U769a1ab1,S3bc6650c11,5,2026-08-29T15:19:57,web,text,transit,Where can I find an ATM?,atm,atm,0.99,False,True,614,216,5,False
U769a1ab1,S8e23085d3e,0,2026-08-26T19:19:00,mobile_app,image,transit,"I have a connecting flight, where do I go?",transit_connection,transit_connection,0.664,False,True,1829,741,4,False
U769a1ab1,S8e23085d3e,1,2026-08-26T19:19:25,mobile_app,text,transit,Is there a play area for children?,kids_play_area,kids_play_area,0.936,False,True,717,387,5,False
U769a1ab1,S8e23085d3e,2,2026-08-26T19:20:49,mobile_app,text,transit,Where is the transfer desk for connecting passengers?,transfer_desk,fallback,0.338,True,False,621,234,2,False
U769a1ab1,S8e23085d3e,3,2026-08-26T19:22:07,mobile_app,text,transit,"I have a connecting flight, where do I go?",transit_connection,find_gate,0.48,False,False,700,402,2,False
U769a1ab1,S8e23085d3e,4,2026-08-26T19:23:12,mobile_app,text,transit,Where is the transfer desk for connecting passengers?,transfer_desk,fallback,0.414,True,False,1481,817,2,False
U9b7d3f30,S3123ea6c00,0,2026-09-05T11:37:00,web,text,transit,Where can I take a shower?,shower_facility,shower_facility,0.876,False,True,553,218,5,False
U9b7d3f30,S3123ea6c00,1,2026-09-05T11:37:25,web,image,transit,Is there a rest area or sleep pods?,sleeping_area,shower_facility,0.704,False,False,1002,384,3,False
U9b7d3f30,S3123ea6c00,2,2026-09-05T11:38:17,web,image,transit,Is there a USB charging point near the gates?,charging_station,charging_station,0.725,False,True,1346,478,5,False
U9b7d3f30,S3123ea6c00,3,2026-09-05T11:39:03,web,text,transit,Where is the nearest information desk?,information_desk,information_desk,0.716,False,True,859,456,4,False
U9b7d3f30,S3123ea6c00,4,2026-09-05T11:39:25,web,text,transit,Where do I drop off my checked bag?,baggage_drop,baggage_drop,0.99,False,True,1128,520,5,False
Ub18e4a4a,Sc7d2173765,0,2026-09-02T11:48:00,mobile_app,text,leisure,Where is the nearest information desk?,information_desk,information_desk,0.789,False,True,805,329,4,False
Ub18e4a4a,Sc7d2173765,1,2026-09-02T11:48:26,mobile_app,text,leisure,How do I connect to the airport Wi-Fi?,wifi,wifi,0.738,False,True,849,503,4,False
Ub18e4a4a,Sc7d2173765,2,2026-09-02T11:49:56,mobile_app,voice,leisure,Where can I eat before my flight?,restaurant,restaurant,0.822,False,True,1527,739,5,False
Ub18e4a4a,Sc7d2173765,3,2026-09-02T11:50:34,mobile_app,text,leisure,Where can I find shops in the terminal?,shopping,shopping,0.763,False,True,398,163,4,False
Ue0cb5b41,S6751e02f48,0,2026-08-30T07:34:00,mobile_app,text,leisure,Is there a restaurant open now near gate B12?,restaurant,restaurant,0.799,False,True,1236,605,5,False
Ue0cb5b41,S6751e02f48,1,2026-08-30T07:35:09,mobile_app,image,leisure,Where is the nearest coffee shop?,coffee_shop,coffee_shop,0.588,False,True,1655,888,5,False
Ue0cb5b41,S6751e02f48,2,2026-08-30T07:36:18,mobile_app,voice,leisure,Where is the transfer desk for connecting passengers?,transfer_desk,information_desk,0.455,False,False,1167,484,2,False
U59e9a4b9,S66f1ae55c6,0,2026-09-05T20:48:00,kiosk,image,transit,Where is the transfer desk for connecting passengers?,transfer_desk,fallback,0.425,True,False,2438,1209,2,False
U59e9a4b9,S66f1ae55c6,1,2026-09-05T20:49:01,kiosk,text,transit,Where is gate C3?,find_gate,find_gate,0.835,False,True,441,229,5,False
U59e9a4b9,S66f1ae55c6,2,2026-09-05T20:49:41,kiosk,text,transit,Where can I take a shower?,shower_facility,shower_facility,0.787,False,True,417,241,5,False
U59e9a4b9,S3639116c77,0,2026-08-25T21:02:00,web,text,transit,Where is the transfer desk for connecting passengers?,transfer_desk,transfer_desk,0.566,False,True,664,233,5,False
U59e9a4b9,Sd6fa50d299,0,2026-09-05T02:59:00,mobile_app,text,transit,Where is the pharmacy? come on,pharmacy,pharmacy,0.806,False,True,737,382,5,True
U59e9a4b9,Sd6fa50d299,1,2026-09-05T02:59:30,mobile_app,text,transit,Is there a USB charging point near the gates?,charging_station,charging_station,0.844,False,True,731,401,5,False
U59e9a4b9,Sd6fa50d299,2,2026-09-05T02:59:48,mobile_app,text,transit,Is there halal food available at the airport?,halal_food,fallback,0.215,True,False,674,402,1,False
U59e9a4b9,Sd6fa50d299,3,2026-09-05T03:00:00,mobile_app,text,transit,Where can I charge my phone?,charging_station,charging_station,0.777,False,True,704,395,4,False
U59e9a4b9,Sd6fa50d299,4,2026-09-05T03:01:30,mobile_app,voice,transit,"I need special assistance, I use a wheelchair.",special_assistance,information_desk,0.524,False,False,1448,533,1,True
U59e9a4b9,Sd6fa50d299,5,2026-09-05T03:02:13,mobile_app,voice,transit,"I have a connecting flight, where do I go?",transit_connection,hotel_airside,0.496,False,False,992,523,2,False
U59e9a4b9,Sd01ad7dc4d,0,2026-08-29T10:36:00,web,image,transit,Is there a shuttle to nearby hotels?,hotel_shuttle,hotel_shuttle,0.737,False,True,1270,681,4,False
U59e9a4b9,Sd01ad7dc4d,1,2026-08-29T10:36:52,web,text,transit,What time does boarding start for my flight?,boarding_time,boarding_time,0.878,False,True,560,305,4,False
U59e9a4b9,Sd01ad7dc4d,2,2026-08-29T10:37:57,web,text,transit,Where do I go through passport control?,immigration,visa_on_arrival,0.701,False,False,682,251,3,False
U59e9a4b9,Sd01ad7dc4d,3,2026-08-29T10:38:39,web,text,transit,Where can I charge my phone? come on,charging_station,charging_station,0.689,False,True,479,219,4,True
U2b7ff9d4,S258b8a6e0a,0,2026-08-30T22:05:00,mobile_app,voice,transit,Where do I check in oversized luggage?,oversized_baggage,baggage_drop,0.502,False,False,1569,603,2,False
U2b7ff9d4,S258b8a6e0a,1,2026-08-30T22:05:46,mobile_app,text,transit,Is there a family room for changing my baby?,family_room,family_room,0.923,False,True,639,263,5,False
U2b7ff9d4,S258b8a6e0a,2,2026-08-30T22:06:25,mobile_app,text,transit,Where can I take a shower?,shower_facility,shower_facility,0.721,False,True,567,312,4,False
U2b7ff9d4,S258b8a6e0a,3,2026-08-30T22:07:15,mobile_app,text,transit,Where do I go through passport control?,immigration,immigration,0.695,False,True,478,224,4,False
U28426bc9,S10e1184d86,0,2026-08-30T04:44:00,mobile_app,text,family,Where is the nearest restroom?,restroom,restroom,0.587,False,True,909,544,5,False
U28426bc9,Se4fd2ef94d,0,2026-09-05T19:45:00,web,text,family,Is there a rest area or sleep pods?,sleeping_area,sleeping_area,0.99,False,True,889,367,5,False
U28426bc9,Se4fd2ef94d,1,2026-09-05T19:45:27,web,text,family,Where can I eat before my flight?,restaurant,restaurant,0.99,False,True,1187,539,5,False
U28426bc9,Se4fd2ef94d,2,2026-09-05T19:45:39,web,text,family,Where is the nearest restroom?,restroom,restroom,0.708,False,True,739,289,5,False
U28426bc9,Se4fd2ef94d,3,2026-09-05T19:47:05,web,image,family,Where do I pick up my luggage?,baggage_claim,baggage_claim,0.727,False,True,975,523,5,False
U28426bc9,S5d0627ce83,0,2026-09-01T16:25:00,web,text,family,Is there a play area for children?,kids_play_area,restaurant,0.795,False,False,610,324,3,False
U28426bc9,S5d0627ce83,1,2026-09-01T16:25:52,web,text,family,Can you tell me how to get to gate A5?,find_gate,find_gate,0.936,False,True,1162,538,5,False
U28426bc9,S5d0627ce83,2,2026-09-01T16:26:08,web,text,family,Is there a family room for changing my baby?,family_room,family_room,0.99,False,True,1153,562,5,False
U28426bc9,S5d0627ce83,3,2026-09-01T16:26:58,web,image,family,"I've lost my child, who do I contact?",lost_child,fallback,0.366,True,False,1607,826,1,False
U28426bc9,S8dfdac14be,0,2026-08-28T19:37:00,web,text,family,Is there a family room for changing my baby?,family_room,family_room,0.825,False,True,839,370,4,False
U28426bc9,S8dfdac14be,1,2026-08-28T19:37:33,web,text,family,Is there a play area for children?,kids_play_area,kids_play_area,0.916,False,True,530,297,4,False
U28426bc9,S8dfdac14be,2,2026-08-28T19:39:00,web,text,family,Is there a family room for changing my baby?,family_room,family_room,0.762,False,True,665,252,5,False
U28426bc9,Sb810840ba3,0,2026-09-01T00:08:00,web,text,family,Is there a play area for children?,kids_play_area,kids_play_area,0.763,False,True,606,259,5,False
U28426bc9,Sb810840ba3,1,2026-09-01T00:09:05,web,voice,family,Where can I pray at the airport?,prayer_room,prayer_room,0.892,False,True,1450,755,4,False
Ub0293983,Sf60cac9900,0,2026-09-03T05:50:00,mobile_app,text,leisure,Where is the nearest restroom?,restroom,restroom,0.797,False,True,1129,539,5,False
Ub0293983,Sf60cac9900,1,2026-09-03T05:51:21,mobile_app,voice,leisure,Which bus goes to the city centre?,bus_stop,bus_stop,0.621,False,True,1677,771,4,False
Ub0293983,Sf60cac9900,2,2026-09-03T05:51:56,mobile_app,text,leisure,How do I connect to the airport Wi-Fi?,wifi,wifi,0.917,False,True,440,202,4,False
Ub0293983,Sd5375a53fa,0,2026-08-28T11:51:00,mobile_app,voice,leisure,Where is the nearest restroom?,restroom,restroom,0.866,False,True,1132,557,5,False
Ub0293983,Sd5375a53fa,1,2026-08-28T11:52:16,mobile_app,text,leisure,Do I need to declare anything at customs?,customs,customs,0.62,False,True,681,406,5,False
Ub0293983,Sd5375a53fa,2,2026-08-28T11:52:36,mobile_app,voice,leisure,What time does boarding start for my flight?,boarding_time,boarding_time,0.724,False,True,1745,751,5,False
Ub0293983,Sd5375a53fa,3,2026-08-28T11:53:15,mobile_app,voice,leisure,Where is the nearest restroom?,restroom,restroom,0.81,False,True,1482,813,5,False
Ub0293983,Sd5375a53fa,4,2026-08-28T11:53:34,mobile_app,voice,leisure,Can you tell me how to get to gate A5?,find_gate,find_gate,0.676,False,True,833,444,5,False
Ub0293983,Sd5375a53fa,5,2026-08-28T11:54:40,mobile_app,voice,leisure,Where do I check in oversized luggage?,oversized_baggage,check_in,0.493,False,False,1969,848,2,False
Ue8337a43,S660c1d6f28,0,2026-09-01T15:57:00,web,text,business,What time does boarding start for my flight?,boarding_time,boarding_time,0.786,False,True,907,542,5,False
Ue8337a43,S660c1d6f28,1,2026-09-01T15:58:02,web,text,business,Is there a currency exchange counter near departures?,currency_exchange,currency_exchange,0.937,False,True,1068,551,5,False
Ue8337a43,S660c1d6f28,2,2026-09-01T15:58:31,web,text,business,What time does boarding start for my flight?,boarding_time,boarding_time,0.858,False,True,838,338,5,False
Ud07ea308,Sfb1b7b44c7,0,2026-08-25T05:44:00,web,text,business,"I have a connecting flight, where do I go?",transit_connection,transit_connection,0.601,False,True,720,308,4,False
Ud07ea308,Sfb1b7b44c7,1,2026-08-25T05:44:46,web,text,business,Is there somewhere to charge my laptop? just tell me,charging_station,pharmacy,0.821,False,False,609,275,1,True
Ud07ea308,Sfb1b7b44c7,2,2026-08-25T05:45:50,web,text,business,"I have a connecting flight, where do I go?",transit_connection,uber_pickup,0.5,False,False,375,160,3,False
U600ca7a0,S5afacb2f76,0,2026-09-04T00:46:00,mobile_app,image,family,Where can I eat before my flight?,restaurant,restaurant,0.65,False,True,1122,502,4,False
Ua15a794d,S093c5f4340,0,2026-08-28T20:24:00,mobile_app,text,leisure,Is there a lounge near terminal 2?,lounge,shower_facility,0.912,False,False,892,434,2,False
Ua15a794d,S093c5f4340,1,2026-08-28T20:24:30,mobile_app,image,leisure,Where can I find shops in the terminal?,shopping,shopping,0.783,False,True,1256,564,5,False
Ua15a794d,S093c5f4340,2,2026-08-28T20:25:14,mobile_app,text,leisure,Where can I relax before my flight in terminal 2? come on,lounge,lounge,0.683,False,True,831,482,4,True
Ua15a794d,S093c5f4340,3,2026-08-28T20:25:41,mobile_app,text,leisure,Is there a lounge near terminal 2?,lounge,lounge,0.669,False,True,447,183,4,False
Ua15a794d,S093c5f4340,4,2026-08-28T20:26:20,mobile_app,text,leisure,What time does boarding start for my flight?,boarding_time,boarding_time,0.934,False,True,713,270,4,False
Udb0e5657,Se76f07550c,0,2026-09-02T21:50:00,in_terminal_wifi,voice,leisure,Where is gate C3?,find_gate,find_gate,0.677,False,True,1654,912,5,False
Udb0e5657,Se76f07550c,1,2026-09-02T21:50:42,in_terminal_wifi,text,leisure,Is there a shuttle to nearby hotels?,hotel_shuttle,hotel_shuttle,0.717,False,True,680,264,5,False
Udb0e5657,Se76f07550c,2,2026-09-02T21:51:03,in_terminal_wifi,voice,leisure,Where is the smoking area?,smoking_area,smoking_area,0.704,False,True,1940,907,4,False
Udb0e5657,Se76f07550c,3,2026-09-02T21:52:00,in_terminal_wifi,text,leisure,"I have a connecting flight, where do I go?",transit_connection,transit_connection,0.581,False,True,718,308,5,False
Udb0e5657,Scf2689f6ef,0,2026-09-04T06:11:00,mobile_app,text,leisure,Is there a currency exchange counter near departures?,currency_exchange,currency_exchange,0.936,False,True,813,377,5,False
Udb0e5657,Scf2689f6ef,1,2026-09-04T06:11:55,mobile_app,voice,leisure,Where is the check in desk for international flights?,check_in,check_in,0.807,False,True,1161,630,4,False
Udb0e5657,Scf2689f6ef,2,2026-09-04T06:12:28,mobile_app,text,leisure,Where is the nearest restroom?,restroom,police_desk,0.84,False,False,606,262,2,False
Udb0e5657,Scf2689f6ef,3,2026-09-04T06:13:24,mobile_app,voice,leisure,Where can I find shops in the terminal?,shopping,shopping,0.744,False,True,4067,1568,4,False
Udb0e5657,Scf2689f6ef,4,2026-09-04T06:14:07,mobile_app,image,leisure,What time does boarding start for my flight?,boarding_time,boarding_time,0.896,False,True,1037,493,5,False
Udb0e5657,Scf2689f6ef,5,2026-09-04T06:15:36,mobile_app,text,leisure,Where are the self check-in kiosks?,self_checkin_kiosk,fallback,0.392,True,False,1322,548,1,False
Udb0e5657,Scf2689f6ef,6,2026-09-04T06:16:24,mobile_app,text,leisure,"again I have a connecting flight, where do I go? I already asked this",transit_connection,transit_connection,0.602,False,True,560,212,4,True
U25a4a63c,S9b408243de,0,2026-08-29T08:05:00,mobile_app,voice,family,Where is the nearest coffee shop?,coffee_shop,coffee_shop,0.846,False,True,1012,454,4,False
U25a4a63c,S9b408243de,1,2026-08-29T08:05:14,mobile_app,text,family,Where can I eat before my flight?,restaurant,coffee_shop,0.514,False,False,485,181,2,False
U25a4a63c,S9b408243de,2,2026-08-29T08:05:35,mobile_app,text,family,Where is the nearest restroom?,restroom,water_fountain,0.99,False,False,772,382,2,False
U25a4a63c,S9b408243de,3,2026-08-29T08:06:16,mobile_app,text,family,Where is the transfer desk for connecting passengers?,transfer_desk,fallback,0.424,True,False,1816,1002,1,True
U25a4a63c,Sce2ebdcbc8,0,2026-08-27T23:27:00,mobile_app,voice,family,How do I get to baggage claim?,baggage_claim,baggage_claim,0.652,False,True,1541,596,5,False
U25a4a63c,Sce2ebdcbc8,1,2026-08-27T23:28:26,mobile_app,text,family,Where is the airport police station?,police_desk,information_desk,0.515,False,False,1039,593,2,False
U25a4a63c,Sce2ebdcbc8,2,2026-08-27T23:29:41,mobile_app,image,family,Is there a family room for changing my baby?,family_room,family_room,0.841,False,True,1430,695,4,False
U25a4a63c,Sce2ebdcbc8,3,2026-08-27T23:30:51,mobile_app,voice,family,Is there halal food available at the airport?,halal_food,fallback,0.449,True,False,2941,1601,2,False
U25a4a63c,Sa3e69b3434,0,2026-09-01T21:22:00,web,image,family,Where is the nearest restroom?,restroom,restroom,0.834,False,True,1304,705,5,False
U25a4a63c,Sa3e69b3434,1,2026-09-01T21:22:36,web,image,family,"I've lost my child, who do I contact?",lost_child,fallback,0.32,True,False,2686,1058,1,False
U25a4a63c,Sa3e69b3434,2,2026-09-01T21:23:59,web,text,family,Can you tell me how to get to gate A5?,find_gate,find_gate,0.719,False,True,1056,419,4,False
U25a4a63c,Sa3e69b3434,3,2026-09-01T21:25:10,web,text,family,Is there a play area for children?,kids_play_area,kids_play_area,0.76,False,True,798,279,5,False
U25a4a63c,Sa3e69b3434,4,2026-09-01T21:26:36,web,text,family,still Is there a family room for changing my baby?,family_room,family_room,0.765,False,True,341,201,4,True
U25a4a63c,Sa3e69b3434,5,2026-09-01T21:27:31,web,text,family,Where can I eat before my flight?,restaurant,restaurant,0.624,False,True,840,493,5,False
U25a4a63c,Sa3e69b3434,6,2026-09-01T21:29:00,web,text,family,"I see an unattended bag, who do I report it to?",unattended_baggage,unattended_baggage,0.695,False,True,1667,711,4,False
U25a4a63c,Sde8c1d0821,0,2026-09-05T23:25:00,web,text,family,"I need special assistance, I use a wheelchair.",special_assistance,information_desk,0.481,False,False,670,274,3,False
U25a4a63c,Sde8c1d0821,1,2026-09-05T23:25:48,web,image,family,Do I need to declare anything at customs?,customs,customs,0.933,False,True,1305,478,5,False
U25a4a63c,Sde8c1d0821,2,2026-09-05T23:26:28,web,text,family,Where is the nearest restroom?,restroom,restroom,0.943,False,True,822,399,4,False
U25a4a63c,Sb1c947689d,0,2026-09-06T23:41:00,web,text,family,Where is the nearest restroom?,restroom,restroom,0.615,False,True,887,348,5,False
U25a4a63c,Sb1c947689d,1,2026-09-06T23:41:56,web,text,family,Is there a currency exchange counter near departures?,currency_exchange,information_desk,0.806,False,False,462,231,3,False
U25a4a63c,Sb1c947689d,2,2026-09-06T23:42:59,web,text,family,Where is the nearest coffee shop?,coffee_shop,coffee_shop,0.841,False,True,914,409,5,False
U3b3fbfa6,Seca9887f21,0,2026-08-31T07:18:00,mobile_app,voice,business,"I have a connecting flight, where do I go?",transit_connection,fallback,0.436,True,False,2335,1309,1,False
U3b3fbfa6,Seca9887f21,1,2026-08-31T07:18:47,mobile_app,text,business,"Where is the transfer desk for connecting passengers? for the third time,",transfer_desk,transfer_desk,0.598,False,True,567,235,4,True
U3b3fbfa6,Seca9887f21,2,2026-08-31T07:19:54,mobile_app,image,business,one more time Where is gate B12?,find_gate,find_gate,0.717,False,True,1238,693,4,True
U3b3fbfa6,Seca9887f21,3,2026-08-31T07:21:08,mobile_app,text,business,What time does flight LH123 depart?,flight_status,flight_status,0.739,False,True,754,338,5,False
U3b3fbfa6,S8254c73dc1,0,2026-09-06T23:43:00,in_terminal_wifi,text,business,How do I connect to the airport Wi-Fi?,wifi,information_desk,0.813,False,False,291,133,3,False
U3b3fbfa6,S8254c73dc1,1,2026-09-06T23:44:28,in_terminal_wifi,text,business,Where can I charge my phone?,charging_station,charging_station,0.738,False,True,1225,513,4,False
U3b3fbfa6,S8254c73dc1,2,2026-09-06T23:45:34,in_terminal_wifi,text,business,again Where do I get a visa on arrival?,visa_on_arrival,visa_on_arrival,0.614,False,True,633,266,4,True
U3b3fbfa6,S8254c73dc1,3,2026-09-06T23:46:50,in_terminal_wifi,voice,business,"still Where is the shuttle bus stop? for the third time,",transport,transport,0.744,False,True,2720,1177,5,True
U3b3fbfa6,S7e8d32627b,0,2026-08-29T16:01:00,mobile_app,voice,business,Is my flight delayed?,flight_status,flight_status,0.674,False,True,3055,1637,5,False
U3b3fbfa6,S7e8d32627b,1,2026-08-29T16:01:49,mobile_app,text,business,Where is gate B12?,find_gate,find_gate,0.92,False,True,998,470,4,False
U3b3fbfa6,S7e8d32627b,2,2026-08-29T16:03:03,mobile_app,voice,business,"I have a connecting flight, where do I go?",transit_connection,fallback,0.42,True,False,2245,1080,1,False
U3b3fbfa6,S7e8d32627b,3,2026-08-29T16:04:23,mobile_app,text,business,Where do I drop off my checked bag?,baggage_drop,baggage_drop,0.939,False,True,345,181,5,False
U3b3fbfa6,S80917c0ab1,0,2026-09-01T01:59:00,mobile_app,voice,business,What time does flight LH123 depart?,flight_status,flight_status,0.781,False,True,1447,830,5,False
U3b3fbfa6,S80917c0ab1,1,2026-09-01T01:59:19,mobile_app,text,business,Where is gate C3?,find_gate,boarding_time,0.901,False,False,1085,614,2,False
U3b3fbfa6,S80917c0ab1,2,2026-09-01T01:59:28,mobile_app,text,business,Is there a shuttle to nearby hotels?,hotel_shuttle,fallback,0.433,True,False,1343,740,1,False
U3b3fbfa6,S80917c0ab1,3,2026-09-01T02:00:15,mobile_app,voice,business,one more time Where can I take a shower? this is useless,shower_facility,shower_facility,0.72,False,True,3409,1911,3,True
U7bf847af,S5f9ae327c1,0,2026-09-04T08:30:00,mobile_app,image,business,What time does boarding start for my flight?,boarding_time,boarding_time,0.629,False,True,782,284,4,False
U7bf847af,S5f9ae327c1,1,2026-09-04T08:31:24,mobile_app,text,business,Has my gate changed?,gate_change,bag_storage,0.54,False,False,719,321,3,False
U7bf847af,S5f9ae327c1,2,2026-09-04T08:31:36,mobile_app,image,business,Where is the pharmacy?,pharmacy,pharmacy,0.824,False,True,998,560,4,False
U7bf847af,S08839d473e,0,2026-08-28T04:16:00,mobile_app,voice,business,Where is the smoking area?,smoking_area,smoking_area,0.99,False,True,1050,477,5,False
U7bf847af,S08839d473e,1,2026-08-28T04:16:50,mobile_app,voice,business,Is my flight delayed?,flight_status,flight_status,0.99,False,True,2229,1306,4,False
Uc5083d69,S69df200e11,0,2026-09-04T17:33:00,mobile_app,text,first_time,"I need special assistance, I use a wheelchair.",special_assistance,special_assistance,0.588,False,True,1642,633,4,False
Uc5083d69,S69df200e11,1,2026-09-04T17:33:31,mobile_app,text,first_time,Where is security control?,security,security,0.769,False,True,626,309,5,False
Uc5083d69,S69df200e11,2,2026-09-04T17:33:59,mobile_app,voice,first_time,Where do I go through passport control?,immigration,immigration,0.69,False,True,776,345,5,False
U572b0675,S9f69a2d684,0,2026-08-25T15:48:00,web,text,leisure,Where can I eat before my flight?,restaurant,restaurant,0.752,False,True,1023,436,5,False
U572b0675,S9f69a2d684,1,2026-08-25T15:48:16,web,text,leisure,Where are the self check-in kiosks?,self_checkin_kiosk,information_desk,0.501,False,False,1269,730,3,False
U572b0675,S9f69a2d684,2,2026-08-25T15:49:09,web,text,leisure,still Where is the nearest restroom? this is useless,restroom,restroom,0.817,False,True,613,270,4,True
U572b0675,S9f69a2d684,3,2026-08-25T15:49:21,web,text,leisure,Where is gate B12?,find_gate,find_gate,0.842,False,True,452,236,5,False
U4ed11a5e,Sb0da7655a2,0,2026-09-05T09:13:00,mobile_app,voice,transit,Where can I take a shower?,shower_facility,shower_facility,0.704,False,True,2667,1532,4,False
U4ed11a5e,Sb0da7655a2,1,2026-09-05T09:14:13,mobile_app,text,transit,Where can I take a shower?,shower_facility,shower_facility,0.701,False,True,459,256,4,False
U4ed11a5e,Sb0da7655a2,2,2026-09-05T09:14:46,mobile_app,text,transit,Has my gate changed?,gate_change,gate_change,0.631,False,True,1067,615,5,False
Udac47e9a,Sf3379ce315,0,2026-09-02T07:46:00,mobile_app,image,leisure,Is there a restaurant open now near gate B12?,restaurant,coffee_shop,0.698,False,False,987,434,3,False
Udac47e9a,Sf3379ce315,1,2026-09-02T07:46:48,mobile_app,text,leisure,still Where is gate B12? why is this so hard,find_gate,find_gate,0.653,False,True,958,510,4,True
Udac47e9a,Sf3379ce315,2,2026-09-02T07:47:43,mobile_app,text,leisure,Where is the nearest restroom?,restroom,restroom,0.571,False,True,1240,708,4,False
Udac47e9a,S7bf40f5023,0,2026-08-25T10:06:00,web,text,leisure,Can you tell me how to get to gate A5?,find_gate,find_gate,0.878,False,True,446,254,4,False
Udac47e9a,S7bf40f5023,1,2026-08-25T10:06:24,web,text,leisure,Can you tell me how to get to gate A5?,find_gate,find_gate,0.666,False,True,718,377,5,False
Udac47e9a,S7bf40f5023,2,2026-08-25T10:07:39,web,text,leisure,Where is the nearest restroom?,restroom,water_fountain,0.516,False,False,500,257,2,False
Udac47e9a,S7bf40f5023,3,2026-08-25T10:09:09,web,voice,leisure,Where is gate C3? why is this so hard,find_gate,find_gate,0.624,False,True,2494,919,3,True
U152abc73,Se80a569bcd,0,2026-09-02T12:35:00,mobile_app,text,leisure,Is there a currency exchange counter near departures?,currency_exchange,currency_exchange,0.724,False,True,541,321,5,False
U152abc73,Se80a569bcd,1,2026-09-02T12:35:10,mobile_app,text,leisure,What time does boarding start for my flight?,boarding_time,boarding_time,0.818,False,True,733,340,4,False
U03c57942,Sb911fca29d,0,2026-09-01T15:35:00,mobile_app,voice,business,as I said Where is the transfer desk for connecting passengers? seriously?,transfer_desk,transit_connection,0.466,False,False,1181,461,2,True
U03c57942,Sb911fca29d,1,2026-09-01T15:35:25,mobile_app,voice,business,"I have a connecting flight, where do I go?",transit_connection,find_gate,0.455,False,False,2245,1042,2,False
Uea5be183,Se6f0a47fd7,0,2026-09-05T02:37:00,mobile_app,voice,transit,"Where do I go through passport control? for the third time,",immigration,immigration,0.667,False,True,2024,965,4,True
Uea5be183,Se6f0a47fd7,1,2026-09-05T02:37:30,mobile_app,text,transit,How long is the security line right now?,security,security,0.842,False,True,632,365,4,False
Uea5be183,Se6f0a47fd7,2,2026-09-05T02:38:09,mobile_app,image,transit,Where is gate B12?,find_gate,boarding_time,0.99,False,False,1119,475,2,False
Uea5be183,Se6f0a47fd7,3,2026-09-05T02:39:27,mobile_app,voice,transit,Where is the transfer desk for connecting passengers?,transfer_desk,transfer_desk,0.646,False,True,1345,709,5,False
Uea5be183,Se6f0a47fd7,4,2026-09-05T02:39:57,mobile_app,voice,transit,Is there a lounge near terminal 2?,lounge,lounge,0.73,False,True,1066,624,4,False
Uea5be183,Se6f0a47fd7,5,2026-09-05T02:40:58,mobile_app,image,transit,again Where can I take a shower? I already asked this,shower_facility,lounge,0.54,False,False,1150,444,2,True
Uea5be183,Sa7dcc45540,0,2026-09-06T22:02:00,mobile_app,text,transit,Has my gate changed?,gate_change,fallback,0.416,True,False,725,395,1,False
Uea5be183,Sa7dcc45540,1,2026-09-06T22:02:44,mobile_app,text,transit,Where can I take a shower?,shower_facility,shower_facility,0.787,False,True,991,483,5,False
Uea5be183,Sa7dcc45540,2,2026-09-06T22:02:53,mobile_app,text,transit,Where can I take a shower?,shower_facility,shower_facility,0.982,False,True,441,237,4,False
U5f10ea24,S800361ec0c,0,2026-08-28T14:28:00,web,text,family,as I said Can I buy perfume after security? hello?? are you there,duty_free,duty_free,0.849,False,True,897,418,4,True
U5f10ea24,Scaf495bd98,0,2026-09-03T06:49:00,in_terminal_wifi,text,family,Where is the taxi pickup zone?,transport,transport,0.747,False,True,520,306,4,False
U5f10ea24,Scaf495bd98,1,2026-09-03T06:50:14,in_terminal_wifi,text,family,Where do I pick up my luggage?,baggage_claim,baggage_claim,0.679,False,True,767,332,5,False
U5f10ea24,Scaf495bd98,2,2026-09-03T06:51:08,in_terminal_wifi,image,family,Where is gate C3? hello?? are you there,find_gate,find_gate,0.68,False,True,1023,368,4,True
U874d2cd5,S26b28c28c7,0,2026-08-26T17:16:00,mobile_app,text,first_time,Where is the nearest information desk?,information_desk,information_desk,0.99,False,True,521,224,4,False
U874d2cd5,S26b28c28c7,1,2026-08-26T17:16:18,mobile_app,text,first_time,"I see an unattended bag, who do I report it to?",unattended_baggage,police_desk,0.717,False,False,622,324,2,False
U874d2cd5,S26b28c28c7,2,2026-08-26T17:16:39,mobile_app,voice,first_time,Where is the nearest coffee shop?,coffee_shop,coffee_shop,0.903,False,True,1099,475,5,False
U61408c64,Sc4614f8e40,0,2026-08-26T23:52:00,mobile_app,text,leisure,Where can I exchange money?,currency_exchange,currency_exchange,0.691,False,True,1011,535,5,False
U61408c64,Sc4614f8e40,1,2026-08-26T23:52:16,mobile_app,voice,leisure,Where is the nearest restroom?,restroom,restroom,0.769,False,True,1224,638,5,False
U61408c64,Sc4614f8e40,2,2026-08-26T23:53:41,mobile_app,voice,leisure,What time does boarding start for my flight?,boarding_time,boarding_time,0.649,False,True,1870,1026,5,False
U61408c64,Sc4614f8e40,3,2026-08-26T23:54:58,mobile_app,voice,leisure,Can I buy perfume after security?,duty_free,duty_free,0.955,False,True,3333,1284,5,False
U61408c64,Sc4614f8e40,4,2026-08-26T23:55:11,mobile_app,voice,leisure,Where can I find an ATM?,atm,information_desk,0.477,False,False,1344,524,2,False
U475f81af,S381cd55a0c,0,2026-09-04T23:54:00,mobile_app,voice,family,How do I get to baggage claim?,baggage_claim,baggage_claim,0.911,False,True,1591,845,5,False
U475f81af,S381cd55a0c,1,2026-09-04T23:55:10,mobile_app,text,family,Where do I get picked up by Uber?,uber_pickup,uber_pickup,0.842,False,True,424,182,4,False
U7def2831,S8ec60f1df7,0,2026-08-27T23:36:00,web,text,family,Where is the nearest information desk?,information_desk,information_desk,0.899,False,True,614,270,4,False
U7def2831,S8ec60f1df7,1,2026-08-27T23:36:50,web,text,family,"I need special assistance, I use a wheelchair.",special_assistance,information_desk,0.485,False,False,926,448,2,False
Ud77920aa,Scda24373f1,0,2026-08-25T21:40:00,web,text,leisure,Where is the baggage drop counter?,baggage_drop,baggage_drop,0.687,False,True,955,519,5,False
Ud77920aa,Scda24373f1,1,2026-08-25T21:40:54,web,image,leisure,Can you tell me how to get to gate A5?,find_gate,find_gate,0.779,False,True,1149,506,5,False
Ud77920aa,Scda24373f1,2,2026-08-25T21:41:03,web,voice,leisure,Where is the airport police station?,police_desk,information_desk,0.548,False,False,1040,590,2,False
Ud77920aa,S2a899ca7aa,0,2026-09-01T16:02:00,mobile_app,text,leisure,Where can I exchange money?,currency_exchange,currency_exchange,0.926,False,True,836,484,5,False
Ud77920aa,S2a899ca7aa,1,2026-09-01T16:02:13,mobile_app,voice,leisure,Is there a baggage wrapping service?,baggage_wrapping,fallback,0.375,True,False,1192,665,1,False
Ud77920aa,S2a899ca7aa,2,2026-09-01T16:02:54,mobile_app,voice,leisure,"I've lost my child, who do I contact?",lost_child,fallback,0.406,True,False,2908,1393,1,False
U399755b3,S009800250d,0,2026-09-03T05:32:00,kiosk,text,first_time,How do I get to the train station from the airport?,transport,transport,0.838,False,True,1115,423,4,False
U399755b3,S009800250d,1,2026-09-03T05:32:37,kiosk,text,first_time,Where is gate C3?,find_gate,find_gate,0.965,False,True,773,431,5,False
U399755b3,S009800250d,2,2026-09-03T05:32:47,kiosk,text,first_time,Where is the nearest coffee shop?,coffee_shop,coffee_shop,0.766,False,True,663,390,5,False
U399755b3,S009800250d,3,2026-09-03T05:34:11,kiosk,text,first_time,Where do I get a visa on arrival?,visa_on_arrival,visa_on_arrival,0.626,False,True,812,379,5,False
U399755b3,S009800250d,4,2026-09-03T05:35:20,kiosk,image,first_time,Where is the check in desk for international flights?,check_in,check_in,0.608,False,True,926,482,4,False
U399755b3,S009800250d,5,2026-09-03T05:36:26,kiosk,text,first_time,Is there a lounge near terminal 2?,lounge,lounge,0.815,False,True,901,428,5,False
U399755b3,Saa47983684,0,2026-09-03T08:11:00,web,text,first_time,How do I get to baggage claim?,baggage_claim,baggage_claim,0.845,False,True,489,237,4,False
U91d7446b,S9e8b7dd0e4,0,2026-09-04T18:33:00,mobile_app,text,business,Where can I find shops in the terminal?,shopping,currency_exchange,0.937,False,False,711,372,2,False
U91d7446b,Sca0801b6f2,0,2026-09-06T12:58:00,mobile_app,text,business,Where can I find airport transport?,transport,transport,0.744,False,True,758,389,5,False
U91d7446b,Sca0801b6f2,1,2026-09-06T12:58:48,mobile_app,text,business,Is there halal food available at the airport?,halal_food,fallback,0.408,True,False,1267,530,1,False
U91d7446b,Sca0801b6f2,2,2026-09-06T12:59:46,mobile_app,text,business,Where is the transfer desk for connecting passengers?,transfer_desk,transfer_desk,0.603,False,True,505,301,4,False
U91d7446b,Sca0801b6f2,3,2026-09-06T13:01:07,mobile_app,voice,business,Is my flight delayed?,flight_status,flight_status,0.739,False,True,824,332,5,False
U91d7446b,Sfe85297f57,0,2026-09-06T22:39:00,mobile_app,voice,business,Where can I find shops in the terminal?,shopping,shopping,0.925,False,True,3519,1309,4,False
U91d7446b,Sfe85297f57,1,2026-09-06T22:39:41,mobile_app,text,business,Is there a currency exchange counter near departures?,currency_exchange,currency_exchange,0.849,False,True,485,204,5,False
U91d7446b,Sc3e6f728c6,0,2026-08-28T01:31:00,kiosk,image,business,Where is security control?,security,security,0.81,False,True,779,392,5,False
U91d7446b,Sc3e6f728c6,1,2026-08-28T01:31:12,kiosk,text,business,What time does flight LH123 depart?,flight_status,flight_status,0.871,False,True,718,344,4,False
U91d7446b,S90de479267,0,2026-09-02T14:46:00,mobile_app,image,business,"I have a connecting flight, where do I go?",transit_connection,fallback,0.332,True,False,3907,1762,2,False
U91d7446b,S90de479267,1,2026-09-02T14:46:08,mobile_app,text,business,Where is gate B12?,find_gate,find_gate,0.79,False,True,669,319,5,False
U91d7446b,S90de479267,2,2026-09-02T14:46:48,mobile_app,voice,business,"I have a connecting flight, where do I go?",transit_connection,fallback,0.325,True,False,1793,1058,1,False
U91d7446b,S90de479267,3,2026-09-02T14:47:54,mobile_app,image,business,still How long is the security line right now? just tell me,security,security,0.58,False,True,1497,656,4,True
U91d7446b,S90de479267,4,2026-09-02T14:49:10,mobile_app,image,business,Is there a left luggage facility? seriously?,bag_storage,bag_storage,0.781,False,True,1563,618,4,True
U5f524218,S0feb0c9dce,0,2026-09-07T13:13:00,web,voice,business,Where is the customs declaration desk?,customs,customs,0.818,False,True,1234,621,4,False
U5f524218,S0feb0c9dce,1,2026-09-07T13:14:17,web,voice,business,How do I connect to the airport Wi-Fi?,wifi,wifi,0.602,False,True,3439,1950,5,False
U5f524218,S0feb0c9dce,2,2026-09-07T13:15:27,web,text,business,Is there a USB charging point near the gates?,charging_station,charging_station,0.699,False,True,717,347,5,False
U5f524218,S0feb0c9dce,3,2026-09-07T13:16:39,web,voice,business,What time does flight LH123 depart?,flight_status,flight_status,0.63,False,True,1444,754,4,False
U5f524218,S0feb0c9dce,4,2026-09-07T13:16:48,web,text,business,Where is security control?,security,security,0.912,False,True,894,449,5,False
U5f524218,S0feb0c9dce,5,2026-09-07T13:17:42,web,text,business,Is there a currency exchange counter near departures?,currency_exchange,currency_exchange,0.955,False,True,538,265,5,False
U5f524218,S1d4bd870dc,0,2026-09-05T13:51:00,kiosk,text,business,Is my flight delayed?,flight_status,visa_on_arrival,0.947,False,False,232,130,2,False
U5f524218,S1d4bd870dc,1,2026-09-05T13:52:14,kiosk,text,business,Is there a lounge near terminal 2?,lounge,lounge,0.729,False,True,751,415,5,False
U5f524218,S1d4bd870dc,2,2026-09-05T13:53:22,kiosk,text,business,"I have a connecting flight, where do I go?",transit_connection,find_gate,0.511,False,False,404,176,2,False
U5f524218,S1d4bd870dc,3,2026-09-05T13:54:22,kiosk,image,business,Where can I rent a car?,car_rental,car_rental,0.858,False,True,1269,606,5,False
Uf3d1162c,S3235a9e6d3,0,2026-09-04T09:55:00,mobile_app,voice,transit,Where can I exchange money?,currency_exchange,currency_exchange,0.672,False,True,2494,1280,4,False
Uf3d1162c,S3235a9e6d3,1,2026-09-04T09:55:42,mobile_app,text,transit,How much does airport parking cost?,parking,parking,0.907,False,True,502,196,5,False
Uf3d1162c,S3235a9e6d3,2,2026-09-04T09:55:52,mobile_app,text,transit,Is there a USB charging point near the gates?,charging_station,charging_station,0.818,False,True,1309,745,5,False
Uf3d1162c,S3235a9e6d3,3,2026-09-04T09:57:10,mobile_app,voice,transit,What time does boarding start for my flight?,boarding_time,boarding_time,0.786,False,True,1468,855,5,False
Uf3d1162c,S3235a9e6d3,4,2026-09-04T09:58:07,mobile_app,text,transit,Where is gate B12?,find_gate,find_gate,0.784,False,True,1187,704,4,True
Uf3d1162c,S00afcd3bb7,0,2026-09-02T19:08:00,mobile_app,voice,transit,Where do I get a visa on arrival?,visa_on_arrival,visa_on_arrival,0.562,False,True,2498,1091,4,False
Uf3d1162c,S00afcd3bb7,1,2026-09-02T19:09:17,mobile_app,text,transit,Do I need to declare anything at customs?,customs,customs,0.741,False,True,733,405,5,False
Uf3d1162c,S00afcd3bb7,2,2026-09-02T19:09:42,mobile_app,text,transit,Can you tell me how to get to gate A5?,find_gate,boarding_time,0.99,False,False,766,373,2,False
Uf3d1162c,S00afcd3bb7,3,2026-09-02T19:10:14,mobile_app,voice,transit,Is my flight delayed?,flight_status,flight_status,0.637,False,True,1097,444,4,False
Uf3d1162c,S00afcd3bb7,4,2026-09-02T19:10:32,mobile_app,text,transit,Where do I go through passport control?,immigration,immigration,0.574,False,True,342,155,5,False
Uf3d1162c,Seb87fe1ec1,0,2026-09-04T19:39:00,mobile_app,voice,transit,Where do I go through passport control? you're not helping,immigration,fallback,0.385,True,False,2326,1069,1,True
Uf3d1162c,Sf9ba70a9bc,0,2026-09-01T11:21:00,mobile_app,voice,transit,Where do I go through passport control?,immigration,fallback,0.374,True,False,2298,836,2,False
Uf3d1162c,Sf9ba70a9bc,1,2026-09-01T11:21:58,mobile_app,text,transit,Where do I pick up my luggage?,baggage_claim,baggage_claim,0.574,False,True,799,433,4,False
Uf3d1162c,Sf9ba70a9bc,2,2026-09-01T11:22:37,mobile_app,image,transit,Where do I go through passport control?,immigration,customs,0.517,False,False,4144,1785,2,False
Uf3d1162c,Sf9ba70a9bc,3,2026-09-01T11:24:05,mobile_app,voice,transit,Where can I take a shower? this is useless,shower_facility,shower_facility,0.666,False,True,1921,726,4,True
Ub84565c4,Sec4c3f31c7,0,2026-09-03T08:25:00,kiosk,image,business,Is there a baggage wrapping service?,baggage_wrapping,check_in,0.494,False,False,1593,593,2,False
Ub84565c4,Sec4c3f31c7,1,2026-09-03T08:26:27,kiosk,image,business,Is my flight delayed?,flight_status,flight_status,0.783,False,True,1184,483,5,False
Ub84565c4,Sec4c3f31c7,2,2026-09-03T08:27:46,kiosk,voice,business,Where is the transfer desk for connecting passengers?,transfer_desk,fallback,0.43,True,False,3211,1705,1,False
U46fc6202,S882d3b5fb8,0,2026-08-29T22:44:00,mobile_app,text,first_time,Where is the nearest information desk?,information_desk,information_desk,0.83,False,True,866,360,5,False
U46fc6202,S0e60c3688d,0,2026-09-02T17:46:00,kiosk,image,first_time,Where is the transfer desk for connecting passengers?,transfer_desk,check_in,0.531,False,False,956,459,2,False
U46fc6202,S0e60c3688d,1,2026-09-02T17:47:11,kiosk,text,first_time,Where is security control?,security,security,0.795,False,True,1044,399,5,False
U46fc6202,S0e60c3688d,2,2026-09-02T17:47:23,kiosk,text,first_time,Is there a currency exchange counter near departures?,currency_exchange,currency_exchange,0.913,False,True,429,177,5,False
U46fc6202,S0e60c3688d,3,2026-09-02T17:48:17,kiosk,text,first_time,Where can I exchange money?,currency_exchange,currency_exchange,0.99,False,True,784,420,4,False
U46fc6202,S04cd0d21cb,0,2026-09-07T03:03:00,web,text,first_time,Where can I take a shower?,shower_facility,shower_facility,0.864,False,True,760,367,5,False
U46fc6202,S04cd0d21cb,1,2026-09-07T03:03:32,web,text,first_time,Where is the check in desk for international flights?,check_in,check_in,0.931,False,True,427,231,4,False
U4ad6e22d,S63cd2d2070,0,2026-08-26T10:50:00,web,text,first_time,Do I need to declare anything at customs?,customs,baggage_claim,0.93,False,False,1444,654,2,False
U4ad6e22d,S63cd2d2070,1,2026-08-26T10:51:29,web,text,first_time,Where is gate C3?,find_gate,find_gate,0.7,False,True,553,255,5,False
U4ad6e22d,S63cd2d2070,2,2026-08-26T10:52:27,web,text,first_time,Where can I find an ATM?,atm,atm,0.99,False,True,988,419,5,False
U4ad6e22d,S63cd2d2070,3,2026-08-26T10:53:03,web,text,first_time,still Where can I exchange money? seriously?,currency_exchange,currency_exchange,0.859,False,True,320,132,4,True
U18c54f68,S9e7a7f92fe,0,2026-09-05T07:46:00,in_terminal_wifi,text,business,Where is gate B12?,find_gate,find_gate,0.564,False,True,776,383,4,False
U18c54f68,S9e7a7f92fe,1,2026-09-05T07:46:18,in_terminal_wifi,image,business,"I need special assistance, I use a wheelchair.",special_assistance,special_assistance,0.695,False,True,2157,877,4,False
U18c54f68,S9e7a7f92fe,2,2026-09-05T07:47:43,in_terminal_wifi,text,business,Where can I refill my water bottle?,water_fountain,restaurant,0.523,False,False,674,349,2,False
U28fad675,Sbf8a9baf6b,0,2026-09-03T21:05:00,web,text,family,Is there a family room for changing my baby?,family_room,family_room,0.77,False,True,824,377,5,False
U28fad675,Sbf8a9baf6b,1,2026-09-03T21:05:24,web,text,family,Where is the nearest restroom?,restroom,restroom,0.941,False,True,863,460,5,False
U28fad675,S8c19915f5b,0,2026-08-31T15:43:00,mobile_app,text,family,Where can I eat before my flight?,restaurant,restaurant,0.796,False,True,525,205,4,False
U28fad675,S8c19915f5b,1,2026-08-31T15:43:52,mobile_app,image,family,"I've lost my child, who do I contact?",lost_child,fallback,0.447,True,False,2010,781,1,False
U28fad675,S8c19915f5b,2,2026-08-31T15:44:10,mobile_app,text,family,Which bus goes to the city centre?,bus_stop,uber_pickup,0.99,False,False,812,379,2,False
U28fad675,S8c19915f5b,3,2026-08-31T15:45:00,mobile_app,text,family,Is there a family room for changing my baby?,family_room,family_room,0.862,False,True,1105,571,5,False
U28fad675,S3ce4fe2173,0,2026-08-25T13:10:00,web,text,family,How do I get to baggage claim?,baggage_claim,baggage_claim,0.789,False,True,565,326,4,False
U28fad675,S3ce4fe2173,1,2026-08-25T13:10:54,web,text,family,Where is the shuttle bus stop?,transport,transport,0.67,False,True,364,136,5,False
U28fad675,S3ce4fe2173,2,2026-08-25T13:11:42,web,text,family,Is there a play area for children?,kids_play_area,family_room,0.888,False,False,830,372,2,False
U28fad675,Sce9d6658c0,0,2026-08-31T01:19:00,web,image,family,Is there a family room for changing my baby?,family_room,family_room,0.561,False,True,1332,650,5,False
U28fad675,Sce9d6658c0,1,2026-08-31T01:19:43,web,text,family,Is there a family room for changing my baby?,family_room,family_room,0.793,False,True,380,191,5,False
U28fad675,Sce9d6658c0,2,2026-08-31T01:21:11,web,text,family,Where can I eat before my flight?,restaurant,restaurant,0.707,False,True,624,309,5,False
U28fad675,S5cc9c6362c,0,2026-08-30T03:45:00,web,image,family,"I need special assistance, I use a wheelchair.",special_assistance,fallback,0.272,True,False,2597,952,1,False
U28fad675,S5cc9c6362c,1,2026-08-30T03:46:16,web,text,family,"I see an unattended bag, who do I report it to?",unattended_baggage,police_desk,0.522,False,False,957,433,2,False
U28fad675,S5cc9c6362c,2,2026-08-30T03:47:20,web,voice,family,as I said Where is the nearest restroom? hello?? are you there,restroom,restroom,0.632,False,True,1059,552,4,True
U28fad675,S5cc9c6362c,3,2026-08-30T03:48:13,web,text,family,Where do I pick up my luggage?,baggage_claim,baggage_claim,0.907,False,True,454,214,5,False
U28fad675,S5cc9c6362c,4,2026-08-30T03:48:38,web,text,family,Where is the check in desk for international flights?,check_in,baggage_drop,0.555,False,False,1212,722,3,False
Uff42e585,Sd0dda55108,0,2026-08-28T18:25:00,mobile_app,voice,leisure,Where is the nearest restroom?,restroom,restroom,0.846,False,True,993,358,4,False
Uff42e585,Sd0dda55108,1,2026-08-28T18:25:39,mobile_app,text,leisure,Where is the nearest information desk?,information_desk,information_desk,0.887,False,True,681,287,5,False
Uff42e585,Sd0dda55108,2,2026-08-28T18:26:37,mobile_app,voice,leisure,Is there a rest area or sleep pods?,sleeping_area,sleeping_area,0.744,False,True,2009,1027,5,False
Uff42e585,Sd0dda55108,3,2026-08-28T18:26:56,mobile_app,text,leisure,Is there a restaurant open now near gate B12?,restaurant,restaurant,0.744,False,True,709,328,5,False
Uff42e585,Sd0dda55108,4,2026-08-28T18:27:29,mobile_app,text,leisure,Where can I find shops in the terminal?,shopping,shopping,0.742,False,True,1155,534,5,False
U04c5d7ec,S6f715c8bce,0,2026-09-05T21:39:00,mobile_app,text,business,How do I connect to the airport Wi-Fi?,wifi,wifi,0.67,False,True,1105,400,5,False
U04c5d7ec,S6f715c8bce,1,2026-09-05T21:39:47,mobile_app,voice,business,Where is gate C3?,find_gate,find_gate,0.922,False,True,3343,1173,4,False
U04c5d7ec,S6f715c8bce,2,2026-09-05T21:40:27,mobile_app,text,business,Is there a left luggage facility?,bag_storage,bag_storage,0.602,False,True,739,334,4,False
U04c5d7ec,S6f715c8bce,3,2026-09-05T21:40:45,mobile_app,text,business,Where can I pray at the airport?,prayer_room,prayer_room,0.748,False,True,398,144,4,False
U1acb4e07,S7333c568c4,0,2026-08-26T02:36:00,mobile_app,text,leisure,"I have a connecting flight, where do I go?",transit_connection,transfer_desk,0.464,False,False,487,242,2,False
U1acb4e07,S7333c568c4,1,2026-08-26T02:37:19,mobile_app,text,leisure,"I need to check in for my flight, where do I go?",check_in,check_in,0.576,False,True,499,269,5,False
U1acb4e07,S7333c568c4,2,2026-08-26T02:38:37,mobile_app,text,leisure,Where is the baggage drop counter?,baggage_drop,baggage_drop,0.687,False,True,598,240,5,False
U1acb4e07,S7333c568c4,3,2026-08-26T02:38:52,mobile_app,voice,leisure,Where can I rent a car?,car_rental,information_desk,0.516,False,False,773,462,2,False
Ud1134cdb,Sc0033c8c95,0,2026-09-06T01:31:00,web,text,transit,"again I've lost my child, who do I contact?",lost_child,fallback,0.404,True,False,726,329,1,True
Ud1134cdb,Sc0033c8c95,1,2026-09-06T01:31:13,web,text,transit,Where is gate B12?,find_gate,find_gate,0.98,False,True,666,244,4,False
Ud1134cdb,Sc0033c8c95,2,2026-09-06T01:31:59,web,text,transit,Where do I go through passport control?,immigration,immigration,0.732,False,True,750,435,5,False
Ud1134cdb,Sc0033c8c95,3,2026-09-06T01:33:08,web,text,transit,"I have a connecting flight, where do I go?",transit_connection,transit_connection,0.763,False,True,372,213,5,False
Ud1134cdb,Sc0033c8c95,4,2026-09-06T01:34:15,web,text,transit,"I need special assistance, I use a wheelchair.",special_assistance,medical_assistance,0.539,False,False,378,216,2,False
Ud1134cdb,S20b736faed,0,2026-09-07T05:21:00,mobile_app,voice,transit,Where can I refill my water bottle?,water_fountain,water_fountain,0.576,False,True,1117,478,5,False
Ud1134cdb,S79b8a62796,0,2026-08-28T16:28:00,mobile_app,text,transit,Where is the transfer desk for connecting passengers?,transfer_desk,transit_connection,0.476,False,False,710,334,2,False
Ud1134cdb,Sf4828e1757,0,2026-09-02T04:55:00,mobile_app,voice,transit,Is there a lounge near terminal 2?,lounge,lounge,0.911,False,True,2852,1614,5,False
Ud1134cdb,Sf4828e1757,1,2026-09-02T04:55:22,mobile_app,image,transit,Where can I find an ATM?,atm,atm,0.807,False,True,1518,822,4,False
Ud1134cdb,Sf4828e1757,2,2026-09-02T04:56:09,mobile_app,voice,transit,Where do I pick up my luggage?,baggage_claim,baggage_claim,0.707,False,True,1361,516,4,False
Ud1134cdb,Sf4828e1757,3,2026-09-02T04:56:36,mobile_app,text,transit,Is there a USB charging point near the gates?,charging_station,wifi,0.937,False,False,563,329,2,False
U1ab9963b,Sfed4a2956d,0,2026-08-30T22:28:00,mobile_app,text,leisure,"I need special assistance, I use a wheelchair.",special_assistance,special_assistance,0.559,False,True,900,448,5,False
U1ab9963b,Sfed4a2956d,1,2026-08-30T22:29:05,mobile_app,text,leisure,Where do I check in oversized luggage?,oversized_baggage,oversized_baggage,0.628,False,True,444,170,5,False
U1ab9963b,Sfed4a2956d,2,2026-08-30T22:30:12,mobile_app,text,leisure,What time does boarding start for my flight?,boarding_time,boarding_time,0.686,False,True,883,506,5,False
U1ab9963b,Sfed4a2956d,3,2026-08-30T22:30:53,mobile_app,text,leisure,"I need special assistance, I use a wheelchair.",special_assistance,medical_assistance,0.495,False,False,449,210,2,False
U706f6a98,Sd3bac029f0,0,2026-09-02T08:25:00,web,text,first_time,Where can I find shops in the terminal?,shopping,shopping,0.74,False,True,1153,561,4,False
U706f6a98,Sd3bac029f0,1,2026-09-02T08:26:09,web,text,first_time,Can I buy perfume after security?,duty_free,duty_free,0.906,False,True,417,202,5,False
U706f6a98,Sd3bac029f0,2,2026-09-02T08:26:47,web,text,first_time,Where is the check in desk for international flights?,check_in,check_in,0.807,False,True,423,234,4,False
U706f6a98,Sd3bac029f0,3,2026-09-02T08:27:17,web,text,first_time,Do I need to declare anything at customs?,customs,customs,0.855,False,True,681,275,5,False
U7d799ad4,Se7f96940be,0,2026-09-04T05:48:00,web,text,leisure,Where is the nearest information desk?,information_desk,information_desk,0.874,False,True,908,498,4,False
U7d799ad4,Se7f96940be,1,2026-09-04T05:48:46,web,image,leisure,Where is the transfer desk for connecting passengers?,transfer_desk,check_in,0.456,False,False,625,351,2,False
U7d799ad4,Se7f96940be,2,2026-09-04T05:49:01,web,text,leisure,again Is there a family room for changing my baby? hello?? are you there,family_room,family_room,0.805,False,True,577,257,4,True
U7d799ad4,Se7f96940be,3,2026-09-04T05:49:57,web,text,leisure,Can you tell me how to get to gate A5?,find_gate,find_gate,0.85,False,True,871,450,5,False
U7d799ad4,Sb8ee69caed,0,2026-08-28T04:56:00,web,text,leisure,Where do I go through passport control?,immigration,immigration,0.6,False,True,728,424,5,False
U7d799ad4,Sb8ee69caed,1,2026-08-28T04:57:27,web,text,leisure,"I need to check in for my flight, where do I go?",check_in,check_in,0.705,False,True,777,273,5,False
U7d799ad4,Sb8ee69caed,2,2026-08-28T04:58:38,web,text,leisure,Where can I find shops in the terminal?,shopping,shopping,0.697,False,True,732,323,5,False
U7d799ad4,Sb8ee69caed,3,2026-08-28T05:00:00,web,text,leisure,Where is gate C3?,find_gate,find_gate,0.852,False,True,1064,446,4,False
U7d799ad4,Sb8ee69caed,4,2026-08-28T05:01:14,web,image,leisure,What time does boarding start for my flight?,boarding_time,boarding_time,0.895,False,True,1650,830,4,False
U7d799ad4,Sb8ee69caed,5,2026-08-28T05:02:05,web,text,leisure,Where do I go through passport control?,immigration,visa_on_arrival,0.511,False,False,1348,569,2,False
U7d799ad4,Sb8ee69caed,6,2026-08-28T05:02:17,web,text,leisure,Where can I eat before my flight?,restaurant,restaurant,0.75,False,True,1311,554,4,False
U7d799ad4,Sb8ee69caed,7,2026-08-28T05:03:44,web,text,leisure,Where do I drop off my checked bag?,baggage_drop,baggage_drop,0.742,False,True,711,298,5,False
U7d799ad4,Sad61f0cd74,0,2026-08-27T23:47:00,mobile_app,text,leisure,Where are the self check-in kiosks?,self_checkin_kiosk,self_checkin_kiosk,0.656,False,True,672,400,5,False
U7d799ad4,Sad61f0cd74,1,2026-08-27T23:47:26,mobile_app,voice,leisure,Where can I get a luggage trolley?,luggage_trolley,luggage_trolley,0.595,False,True,993,399,4,False
U7d799ad4,Sad61f0cd74,2,2026-08-27T23:48:18,mobile_app,text,leisure,What time does boarding start for my flight?,boarding_time,boarding_time,0.883,False,True,579,310,5,False
U7d799ad4,Sad61f0cd74,3,2026-08-27T23:49:34,mobile_app,voice,leisure,Is there a currency exchange counter near departures? seriously?,currency_exchange,currency_exchange,0.688,False,True,1947,701,4,True
U31a0136b,S3b6dbada48,0,2026-09-01T00:58:00,mobile_app,text,family,Where can I pray at the airport?,prayer_room,prayer_room,0.792,False,True,1373,711,4,False
U31a0136b,S3b6dbada48,1,2026-09-01T00:58:32,mobile_app,voice,family,"I lost my bag, where is lost and found?",lost_and_found,lost_child,0.68,False,False,1916,720,2,False
U31a0136b,S3b6dbada48,2,2026-09-01T00:59:37,mobile_app,voice,family,Is there halal food available at the airport?,halal_food,restaurant,0.49,False,False,1793,681,2,False
U31a0136b,S9ec104b3d9,0,2026-09-04T23:51:00,web,image,family,Where do I get a visa on arrival?,visa_on_arrival,customs,0.479,False,False,1040,598,2,False
U2823d807,Sea857fce0c,0,2026-08-29T06:24:00,web,image,transit,Is there a shuttle to nearby hotels?,hotel_shuttle,transport,0.499,False,False,2539,1298,2,False
U2823d807,Sea857fce0c,1,2026-08-29T06:24:21,web,text,transit,"as I said My battery is low, where do I find a socket? you're not helping",charging_station,charging_station,0.934,False,True,1224,666,4,True
U2823d807,Sea857fce0c,2,2026-08-29T06:24:31,web,text,transit,"I have a connecting flight, where do I go?",transit_connection,fallback,0.373,True,False,549,321,1,True
U2823d807,Sea857fce0c,3,2026-08-29T06:25:41,web,text,transit,Is there a play area for children?,kids_play_area,kids_play_area,0.755,False,True,1752,971,5,False
U2823d807,Sea857fce0c,4,2026-08-29T06:26:50,web,text,transit,Where can I charge my phone?,charging_station,charging_station,0.928,False,True,722,349,5,False
U169847f6,S0557a8bbac,0,2026-09-04T11:11:00,kiosk,image,transit,Is there a lounge near terminal 2?,lounge,lounge,0.726,False,True,1043,530,5,False
U169847f6,S0557a8bbac,1,2026-09-04T11:11:32,kiosk,text,transit,Is there somewhere to charge my laptop?,charging_station,charging_station,0.859,False,True,456,232,5,False
U169847f6,S0557a8bbac,2,2026-09-04T11:12:43,kiosk,image,transit,Is there a lounge near terminal 2?,lounge,fallback,0.403,True,False,2695,1216,1,False
Ubf6ed688,S2bd3fb15b9,0,2026-09-04T22:09:00,mobile_app,text,business,"I need special assistance, I use a wheelchair.",special_assistance,special_assistance,0.726,False,True,943,495,5,False
Ubf6ed688,S2bd3fb15b9,1,2026-09-04T22:09:24,mobile_app,voice,business,Can I store my bags somewhere while I wait?,bag_storage,bag_storage,0.742,False,True,2046,1134,5,False
Ubf6ed688,S2bd3fb15b9,2,2026-09-04T22:09:45,mobile_app,voice,business,Which bus goes to the city centre?,bus_stop,bus_stop,0.728,False,True,1504,648,5,False
Ubf6ed688,S2bd3fb15b9,3,2026-09-04T22:11:06,mobile_app,text,business,Where can I get a luggage trolley?,luggage_trolley,baggage_claim,0.53,False,False,671,258,2,False
Ubf6ed688,S2bd3fb15b9,4,2026-09-04T22:12:07,mobile_app,text,business,Is there a USB charging point near the gates? I already asked this,charging_station,charging_station,0.866,False,True,920,323,4,True
Ubf6ed688,S2bd3fb15b9,5,2026-09-04T22:12:37,mobile_app,voice,business,Where can I refill my water bottle?,water_fountain,restaurant,0.504,False,False,1815,692,2,False
Ubf6ed688,S6b375af1a0,0,2026-08-31T12:11:00,web,text,business,"My phone is dead, where can I charge it?",charging_station,information_desk,0.799,False,False,593,353,2,False
Ubf6ed688,S6b375af1a0,1,2026-08-31T12:11:20,web,voice,business,Where is the nearest restroom?,restroom,restroom,0.902,False,True,1580,823,5,False
Ubf6ed688,S6b375af1a0,2,2026-08-31T12:12:28,web,text,business,Where can I relax before my flight in terminal 2?,lounge,information_desk,0.99,False,False,732,419,3,False
Ubf6ed688,Sd2c81c868c,0,2026-09-02T10:10:00,web,image,business,Which bus goes to the city centre?,bus_stop,bus_stop,0.645,False,True,1321,538,4,False
Ubf6ed688,Sd2c81c868c,1,2026-09-02T10:10:22,web,text,business,Is my flight delayed?,flight_status,flight_status,0.801,False,True,363,166,4,False
Ubf6ed688,Sd2c81c868c,2,2026-09-02T10:10:57,web,text,business,Where can I refill my water bottle?,water_fountain,restroom,0.53,False,False,386,154,2,False
Ubf6ed688,Sd2c81c868c,3,2026-09-02T10:11:21,web,text,business,Where is the baggage drop counter?,baggage_drop,baggage_drop,0.809,False,True,868,434,4,False
Ubf6ed688,S56086deafd,0,2026-08-27T23:35:00,mobile_app,text,business,"still I have a connecting flight, where do I go? for the third time,",transit_connection,find_gate,0.637,False,False,535,266,1,True
Ubf6ed688,S56086deafd,1,2026-08-27T23:35:27,mobile_app,image,business,Where do I get a visa on arrival?,visa_on_arrival,fallback,0.389,True,False,2748,1489,1,False
Ubf6ed688,S56086deafd,2,2026-08-27T23:35:39,mobile_app,text,business,"Is there a shuttle to nearby hotels? for the third time,",hotel_shuttle,hotel_shuttle,0.618,False,True,444,188,4,True
Ubf6ed688,S56086deafd,3,2026-08-27T23:37:09,mobile_app,text,business,Do I need a visa to travel to Japan?,out_of_scope,fallback,0.8,True,False,1027,476,1,True
Ubf6ed688,S56086deafd,4,2026-08-27T23:37:34,mobile_app,text,business,Where can I find airport transport?,transport,transport,0.849,False,True,530,229,5,False
Ubf6ed688,S56086deafd,5,2026-08-27T23:37:46,mobile_app,voice,business,Where is gate C3?,find_gate,find_gate,0.869,False,True,1939,717,4,False
Ued4902c1,Sf07b6f3978,0,2026-09-04T16:56:00,in_terminal_wifi,text,business,"I've lost my child, who do I contact?",lost_child,lost_child,0.588,False,True,756,327,4,False
Ued4902c1,Sf07b6f3978,1,2026-09-04T16:57:17,in_terminal_wifi,text,business,Which bus goes to the city centre?,bus_stop,transport,0.967,False,False,618,259,2,False
Ued4902c1,Sf07b6f3978,2,2026-09-04T16:57:33,in_terminal_wifi,text,business,Is my flight delayed?,flight_status,flight_status,0.99,False,True,387,222,4,False
Ued4902c1,Sf07b6f3978,3,2026-09-04T16:58:38,in_terminal_wifi,voice,business,Where is the nearest restroom? you're not helping,restroom,medical_assistance,0.966,False,False,1320,692,2,True
Ued4902c1,Sf07b6f3978,4,2026-09-04T16:59:49,in_terminal_wifi,text,business,"My battery is low, where do I find a socket?",charging_station,lost_child,0.881,False,False,914,421,3,False
Ued4902c1,S1f4e13806e,0,2026-08-25T12:53:00,mobile_app,text,business,Is there a hotel inside the airport?,hotel_airside,sleeping_area,0.494,False,False,589,271,2,False
Ued4902c1,S1f4e13806e,1,2026-08-25T12:53:46,mobile_app,image,business,How much does airport parking cost?,parking,parking,0.706,False,True,2390,1047,5,False
Ued4902c1,S1f4e13806e,2,2026-08-25T12:54:52,mobile_app,voice,business,How do I connect to the airport Wi-Fi?,wifi,wifi,0.723,False,True,2096,1207,5,False
Ued4902c1,S1f4e13806e,3,2026-08-25T12:55:19,mobile_app,text,business,"My phone is dead, where can I charge it?",charging_station,charging_station,0.977,False,True,722,309,5,False
Ued4902c1,S1f4e13806e,4,2026-08-25T12:56:11,mobile_app,text,business,Where can I charge my phone?,charging_station,wifi,0.808,False,False,604,280,2,False
Ued4902c1,S1f4e13806e,5,2026-08-25T12:56:59,mobile_app,image,business,"My phone is dead, where can I charge it?",charging_station,charging_station,0.643,False,True,1189,707,4,False
Ued4902c1,S877fbab179,0,2026-09-05T19:21:00,kiosk,voice,business,Where are the self check-in kiosks?,self_checkin_kiosk,information_desk,0.543,False,False,1461,545,3,False
Ued4902c1,S877fbab179,1,2026-09-05T19:21:15,kiosk,text,business,Where can I eat before my flight?,restaurant,restaurant,0.71,False,True,1325,688,5,False
Ued4902c1,S877fbab179,2,2026-09-05T19:21:34,kiosk,text,business,How do I connect to the airport Wi-Fi?,wifi,wifi,0.657,False,True,756,425,4,False
Ued4902c1,S877fbab179,3,2026-09-05T19:22:29,kiosk,text,business,What time does flight LH123 depart?,flight_status,flight_status,0.872,False,True,816,434,4,False
Ued4902c1,S877fbab179,4,2026-09-05T19:23:33,kiosk,text,business,"I need special assistance, I use a wheelchair.",special_assistance,medical_assistance,0.483,False,False,791,317,2,False
Ued4902c1,S877fbab179,5,2026-09-05T19:24:41,kiosk,text,business,as I said How do I connect to the airport Wi-Fi? ugh,wifi,wifi,0.793,False,True,473,273,4,True
Ued4902c1,S877fbab179,6,2026-09-05T19:25:14,kiosk,text,business,Is there somewhere to charge my laptop? this is useless,charging_station,charging_station,0.787,False,True,710,301,4,True
Uc6fc6b7d,S0b5db53a25,0,2026-08-29T18:11:00,web,text,transit,"I lost my bag, where is lost and found?",lost_and_found,lost_and_found,0.822,False,True,876,402,4,False
Uc6fc6b7d,S0b5db53a25,1,2026-08-29T18:11:41,web,text,transit,Where is the airport police station?,police_desk,police_desk,0.655,False,True,729,302,5,False
Uc6fc6b7d,Sc36ebccd41,0,2026-09-05T09:22:00,mobile_app,image,transit,Where do I go through passport control?,immigration,immigration,0.592,False,True,1224,487,4,False
Uc6fc6b7d,Sc36ebccd41,1,2026-09-05T09:23:28,mobile_app,text,transit,"I need to check in for my flight, where do I go?",check_in,check_in,0.822,False,True,474,229,4,False
Uc6fc6b7d,Sc36ebccd41,2,2026-09-05T09:24:21,mobile_app,text,transit,Where is the transfer desk for connecting passengers?,transfer_desk,fallback,0.442,True,False,748,432,1,False
Uc6fc6b7d,Sc36ebccd41,3,2026-09-05T09:24:42,mobile_app,text,transit,Where is the customs declaration desk?,customs,customs,0.925,False,True,427,163,5,False
Uc6fc6b7d,S470e61951a,0,2026-08-30T09:52:00,mobile_app,image,transit,Where do I go through passport control?,immigration,fallback,0.195,True,False,1639,664,2,False
Uc6fc6b7d,S470e61951a,1,2026-08-30T09:52:26,mobile_app,text,transit,Where is the nearest restroom?,restroom,restroom,0.86,False,True,745,264,4,False
Uc6fc6b7d,S470e61951a,2,2026-08-30T09:53:35,mobile_app,text,transit,Where can I take a shower?,shower_facility,shower_facility,0.986,False,True,1085,461,5,False
Ub7a42ae7,S6fd14810f0,0,2026-09-03T11:37:00,mobile_app,text,leisure,Can I smoke inside the terminal?,smoking_area,smoking_area,0.789,False,True,831,394,4,False
Ub7a42ae7,S6fd14810f0,1,2026-09-03T11:38:26,mobile_app,voice,leisure,Where can I exchange money?,currency_exchange,currency_exchange,0.818,False,True,1349,530,4,False
Ub7a42ae7,S6fd14810f0,2,2026-09-03T11:39:42,mobile_app,voice,leisure,Where can I find an ATM?,atm,atm,0.99,False,True,1140,671,4,False
Ub7a42ae7,S54be205079,0,2026-08-31T18:13:00,mobile_app,text,leisure,Where is the nearest information desk?,information_desk,information_desk,0.827,False,True,542,287,4,False
Ub7a42ae7,S54be205079,1,2026-08-31T18:13:18,mobile_app,text,leisure,Can I buy perfume after security?,duty_free,duty_free,0.896,False,True,841,379,4,False
U779159a9,S5cf8096674,0,2026-09-02T02:23:00,kiosk,text,transit,"I lost my bag, where is lost and found?",lost_and_found,lost_and_found,0.99,False,True,480,285,5,False
U779159a9,S5cf8096674,1,2026-09-02T02:23:29,kiosk,image,transit,Which bus goes to the city centre?,bus_stop,wifi,0.695,False,False,1997,989,2,False
U779159a9,S5cf8096674,2,2026-09-02T02:24:11,kiosk,image,transit,Where can I take a shower?,shower_facility,restroom,0.967,False,False,1688,642,3,False
U779159a9,S5cf8096674,3,2026-09-02T02:25:21,kiosk,text,transit,"I've lost my child, who do I contact?",lost_child,lost_child,0.586,False,True,828,414,5,False
U779159a9,S5cf8096674,4,2026-09-02T02:26:10,kiosk,text,transit,Where is the check in desk for international flights?,check_in,check_in,0.833,False,True,490,228,5,False
U779159a9,S5cf8096674,5,2026-09-02T02:26:55,kiosk,text,transit,Where is security control?,security,security,0.812,False,True,1012,585,5,False
U1bcf19e3,Sf06691453e,0,2026-09-01T19:02:00,web,text,business,Where is the baggage drop counter?,baggage_drop,baggage_drop,0.885,False,True,584,315,4,False
U1bcf19e3,Sf06691453e,1,2026-09-01T19:03:20,web,text,business,How long is the security line right now?,security,security,0.93,False,True,947,424,4,False
U1bcf19e3,Sf06691453e,2,2026-09-01T19:04:31,web,text,business,Where do I check in oversized luggage?,oversized_baggage,baggage_drop,0.459,False,False,430,237,3,False
U1bcf19e3,Sf06691453e,3,2026-09-01T19:05:53,web,image,business,How do I get to baggage claim?,baggage_claim,baggage_claim,0.863,False,True,1920,699,5,False
U290468f2,S8cb298dc7e,0,2026-09-05T07:55:00,web,text,business,Where do I pick up my luggage?,baggage_claim,baggage_claim,0.922,False,True,920,482,4,False
U290468f2,S8cb298dc7e,1,2026-09-05T07:56:23,web,text,business,Where do I pick up my luggage?,baggage_claim,baggage_claim,0.724,False,True,644,306,4,False
U290468f2,S8cb298dc7e,2,2026-09-05T07:57:14,web,text,business,Is there somewhere to charge my laptop?,charging_station,wifi,0.723,False,False,714,352,3,False
U2a37486d,S116a890571,0,2026-09-05T23:06:00,mobile_app,text,transit,Where can I relax before my flight in terminal 2?,lounge,lounge,0.768,False,True,618,340,4,False
U2a37486d,S116a890571,1,2026-09-05T23:07:03,mobile_app,text,transit,Where can I take a shower?,shower_facility,shower_facility,0.742,False,True,842,333,4,False
U2a37486d,S0839b5afaa,0,2026-09-05T19:17:00,in_terminal_wifi,text,transit,Where do I get picked up by Uber?,uber_pickup,uber_pickup,0.665,False,True,495,191,4,False
U2a37486d,S0839b5afaa,1,2026-09-05T19:17:46,in_terminal_wifi,text,transit,Where is the transfer desk for connecting passengers?,transfer_desk,transfer_desk,0.601,False,True,859,362,4,False
U10e0e836,S7470d747cc,0,2026-08-26T09:12:00,mobile_app,text,leisure,Where is the duty-free shop?,duty_free,shopping,0.857,False,False,877,483,3,False
U10e0e836,S7470d747cc,1,2026-08-26T09:13:18,mobile_app,image,leisure,Where is the check in desk for international flights?,check_in,check_in,0.915,False,True,1222,719,5,False
U10e0e836,S7470d747cc,2,2026-08-26T09:14:12,mobile_app,image,leisure,Is there a restaurant open now near gate B12?,restaurant,restaurant,0.822,False,True,923,350,4,False
U10e0e836,S7470d747cc,3,2026-08-26T09:15:34,mobile_app,image,leisure,Where do I get picked up by Uber?,uber_pickup,uber_pickup,0.777,False,True,2771,1480,4,False
U10e0e836,S7470d747cc,4,2026-08-26T09:16:12,mobile_app,text,leisure,How do I get to the train station from the airport?,transport,transport,0.99,False,True,573,284,5,False
U10e0e836,S7470d747cc,5,2026-08-26T09:17:22,mobile_app,voice,leisure,Where is the nearest information desk?,information_desk,information_desk,0.874,False,True,2178,959,5,False
U4b762324,S176f6fc1b4,0,2026-09-03T06:53:00,in_terminal_wifi,voice,leisure,Where is the nearest restroom?,restroom,restroom,0.99,False,True,2128,937,4,False
U4b762324,Sad02c851cb,0,2026-09-01T17:00:00,mobile_app,text,leisure,"I need special assistance, I use a wheelchair.",special_assistance,special_assistance,0.641,False,True,708,325,5,False
U4b762324,Sad02c851cb,1,2026-09-01T17:00:48,mobile_app,voice,leisure,Where can I take a shower?,shower_facility,shower_facility,0.705,False,True,2788,1318,5,False
U4b762324,Sad02c851cb,2,2026-09-01T17:01:48,mobile_app,text,leisure,"I have a connecting flight, where do I go?",transit_connection,fallback,0.313,True,False,1485,650,1,False
U4b762324,Sad02c851cb,3,2026-09-01T17:03:13,mobile_app,text,leisure,Where is the nearest restroom?,restroom,restroom,0.685,False,True,638,294,4,False
U4b762324,Sad02c851cb,4,2026-09-01T17:04:43,mobile_app,text,leisure,Is there a USB charging point near the gates?,charging_station,charging_station,0.748,False,True,590,302,4,False
U4b762324,Sad02c851cb,5,2026-09-01T17:05:07,mobile_app,voice,leisure,Where can I find shops in the terminal?,shopping,shopping,0.56,False,True,1865,733,4,False
U4b762324,Sad02c851cb,6,2026-09-01T17:06:30,mobile_app,voice,leisure,Where can I find shops in the terminal?,shopping,shopping,0.799,False,True,2306,1353,5,False
U36761ee1,S0a06f6ee79,0,2026-09-01T11:16:00,in_terminal_wifi,text,leisure,Is there a restaurant open now near gate B12?,restaurant,restaurant,0.717,False,True,912,322,5,False
U36761ee1,S0a06f6ee79,1,2026-09-01T11:17:15,in_terminal_wifi,image,leisure,Where is gate C3?,find_gate,find_gate,0.916,False,True,1390,815,5,False
U36761ee1,S0a06f6ee79,2,2026-09-01T11:17:57,in_terminal_wifi,text,leisure,Is there a currency exchange counter near departures?,currency_exchange,currency_exchange,0.982,False,True,1215,665,5,False
U94e10f38,S9a6b10c00f,0,2026-08-28T16:37:00,web,text,leisure,Where can I eat before my flight?,restaurant,restaurant,0.884,False,True,744,397,4,False
U94e10f38,S9a6b10c00f,1,2026-08-28T16:37:40,web,text,leisure,What time does boarding start for my flight?,boarding_time,boarding_time,0.637,False,True,549,284,5,False
U94e10f38,S9a6b10c00f,2,2026-08-28T16:39:04,web,text,leisure,Where can I eat before my flight?,restaurant,restaurant,0.962,False,True,745,268,5,False
U94e10f38,S9a6b10c00f,3,2026-08-28T16:39:34,web,text,leisure,Where can I exchange money?,currency_exchange,atm,0.99,False,False,607,230,2,False
U1007b336,S99dec2104d,0,2026-08-30T04:23:00,in_terminal_wifi,text,business,Where is the taxi pickup zone?,transport,transport,0.776,False,True,605,323,5,False
U1007b336,S99dec2104d,1,2026-08-30T04:24:10,in_terminal_wifi,text,business,Where is the transfer desk for connecting passengers?,transfer_desk,transfer_desk,0.656,False,True,488,228,5,False
U1007b336,S99dec2104d,2,2026-08-30T04:24:38,in_terminal_wifi,text,business,Where can I find shops in the terminal?,shopping,duty_free,0.846,False,False,663,313,2,False
U1007b336,S99dec2104d,3,2026-08-30T04:25:04,in_terminal_wifi,text,business,Is there somewhere to charge my laptop?,charging_station,charging_station,0.871,False,True,624,251,4,False
U1007b336,S99dec2104d,4,2026-08-30T04:25:12,in_terminal_wifi,text,business,Is there a lounge near terminal 2?,lounge,lounge,0.751,False,True,629,271,5,False
U1007b336,Sa20a1162ff,0,2026-08-31T16:37:00,web,text,business,Where is gate C3?,find_gate,find_gate,0.796,False,True,318,158,5,False
U1007b336,Sa20a1162ff,1,2026-08-31T16:37:08,web,text,business,Is there a family room for changing my baby?,family_room,restroom,0.725,False,False,562,308,2,False
U1007b336,Sa20a1162ff,2,2026-08-31T16:37:25,web,text,business,Where can I get a luggage trolley?,luggage_trolley,find_gate,0.457,False,False,769,273,2,False
U1007b336,Sa20a1162ff,3,2026-08-31T16:37:59,web,text,business,Where can I charge my phone?,charging_station,charging_station,0.776,False,True,1301,755,5,False
U1007b336,Sb7a2eb608a,0,2026-09-07T16:32:00,web,text,business,Where is the check in desk for international flights?,check_in,check_in,0.748,False,True,879,403,5,False
U1007b336,S8dc5ffc7d8,0,2026-09-02T02:14:00,web,text,business,Where is security control?,security,security,0.953,False,True,613,287,4,False
U1007b336,S783ef99d1d,0,2026-09-04T14:53:00,mobile_app,text,business,Where is the nearest emergency exit?,emergency_exit,fallback,0.412,True,False,855,398,1,False
U1007b336,S783ef99d1d,1,2026-09-04T14:54:20,mobile_app,text,business,"I have a connecting flight, where do I go? I already asked this",transit_connection,boarding_time,0.542,False,False,779,353,2,True
U1007b336,S783ef99d1d,2,2026-09-04T14:55:06,mobile_app,voice,business,Can you tell me how to get to gate A5?,find_gate,find_gate,0.766,False,True,1116,442,5,False
U1007b336,S783ef99d1d,3,2026-09-04T14:56:31,mobile_app,voice,business,still Where can I exchange money? why is this so hard,currency_exchange,currency_exchange,0.704,False,True,1271,751,3,True
U1007b336,S783ef99d1d,4,2026-09-04T14:57:56,mobile_app,text,business,Can I smoke inside the terminal?,smoking_area,smoking_area,0.884,False,True,470,186,5,False
U1007b336,Sbf60e83d38,0,2026-08-25T11:30:00,mobile_app,voice,business,Where is security control?,security,security,0.605,False,True,1983,903,5,False
U1007b336,Sbf60e83d38,1,2026-08-25T11:30:22,mobile_app,text,business,"I need to check in for my flight, where do I go?",check_in,check_in,0.753,False,True,987,395,4,False
U1007b336,Sbf60e83d38,2,2026-08-25T11:31:42,mobile_app,text,business,Where is the transfer desk for connecting passengers?,transfer_desk,information_desk,0.522,False,False,846,413,2,False
U1007b336,Sbf60e83d38,3,2026-08-25T11:32:27,mobile_app,text,business,Where is the baggage drop counter?,baggage_drop,baggage_drop,0.659,False,True,783,386,5,False
Uf86da7bf,Sc58ca259e2,0,2026-08-31T20:07:00,web,text,first_time,Can I buy perfume after security?,duty_free,duty_free,0.829,False,True,508,242,5,False
U8f5f676f,Sfa73c6a677,0,2026-09-08T03:42:00,web,text,leisure,Where can I eat before my flight?,restaurant,restaurant,0.869,False,True,904,456,4,False
U8f5f676f,S6309aa437d,0,2026-09-01T09:11:00,mobile_app,text,leisure,What time does boarding start for my flight?,boarding_time,flight_status,0.976,False,False,619,321,3,False
U8f5f676f,S6309aa437d,1,2026-09-01T09:11:30,mobile_app,image,leisure,as I said Where can I find shops in the terminal?,shopping,shopping,0.823,False,True,1373,744,4,True
U8f5f676f,S6309aa437d,2,2026-09-01T09:12:49,mobile_app,text,leisure,Where can I exchange money?,currency_exchange,currency_exchange,0.619,False,True,1029,477,4,False
U8f5f676f,S6309aa437d,3,2026-09-01T09:13:11,mobile_app,voice,leisure,Where do I get a visa on arrival?,visa_on_arrival,fallback,0.307,True,False,1475,748,2,False
U8f5f676f,S5f4a307b92,0,2026-08-28T04:18:00,web,text,leisure,Where can I eat before my flight?,restaurant,restaurant,0.577,False,True,740,340,5,False
U8f5f676f,S5f4a307b92,1,2026-08-28T04:19:01,web,text,leisure,Where is the nearest restroom?,restroom,restroom,0.99,False,True,634,280,5,False
U8f5f676f,S5f4a307b92,2,2026-08-28T04:20:02,web,text,leisure,Where is the nearest emergency exit?,emergency_exit,emergency_exit,0.666,False,True,1184,680,4,False
U8f5f676f,S5f4a307b92,3,2026-08-28T04:21:16,web,text,leisure,Where is security control?,security,security,0.936,False,True,674,247,4,False
Uddf2b315,Sc5318d907b,0,2026-08-27T18:03:00,mobile_app,text,business,Where can I refill my water bottle?,water_fountain,water_fountain,0.571,False,True,1107,629,4,False
Uddf2b315,Sc5318d907b,1,2026-08-27T18:03:48,mobile_app,text,business,Where are the vending machines?,vending_machine,shopping,0.523,False,False,1120,612,2,False
Uddf2b315,Sc5318d907b,2,2026-08-27T18:04:52,mobile_app,image,business,Where can I find shops in the terminal?,shopping,shopping,0.925,False,True,1491,722,5,False
U0c7a1ff7,S4b61543515,0,2026-08-27T21:34:00,web,text,leisure,Where is the nearest information desk? come on,information_desk,information_desk,0.872,False,True,759,403,5,True
U0c7a1ff7,S4b61543515,1,2026-08-27T21:35:12,web,text,leisure,What time does boarding start for my flight?,boarding_time,boarding_time,0.702,False,True,1045,515,5,False
U0c7a1ff7,S4b61543515,2,2026-08-27T21:35:20,web,image,leisure,Has my gate changed?,gate_change,flight_status,0.463,False,False,1173,620,3,False
U0c7a1ff7,Sa2dab1c807,0,2026-09-03T04:15:00,web,text,leisure,Where is the check in desk for international flights?,check_in,check_in,0.909,False,True,787,287,4,False
U0c7a1ff7,Sa2dab1c807,1,2026-09-03T04:15:24,web,text,leisure,Has my gate changed?,gate_change,flight_status,0.45,False,False,1005,602,2,False
U0c7a1ff7,Sa2dab1c807,2,2026-09-03T04:16:34,web,text,leisure,Where is the nearest restroom?,restroom,restroom,0.734,False,True,303,144,5,False
U0c7a1ff7,Sa2dab1c807,3,2026-09-03T04:17:49,web,text,leisure,as I said Which bus goes to the city centre? I already asked this,bus_stop,transport,0.624,False,False,809,358,2,True
U0c7a1ff7,Sa2dab1c807,4,2026-09-03T04:18:34,web,text,leisure,Where do I go through passport control?,immigration,immigration,0.619,False,True,844,398,5,True
Udf9b7a69,Sb2185a1bfe,0,2026-09-01T23:19:00,mobile_app,text,leisure,Where is the nearest restroom?,restroom,restroom,0.717,False,True,498,230,5,False
Uc0495dea,S646ca971c4,0,2026-08-27T00:42:00,web,text,business,"I see an unattended bag, who do I report it to?",unattended_baggage,sleeping_area,0.467,False,False,479,252,2,False
Uc0495dea,S646ca971c4,1,2026-08-27T00:43:21,web,text,business,Where is security control?,security,security,0.758,False,True,1175,426,4,False
Ub91a3a8d,Sd9ac9c20f7,0,2026-09-02T05:07:00,in_terminal_wifi,text,leisure,Where can I pray at the airport?,prayer_room,prayer_room,0.914,False,True,688,342,4,False
Ub91a3a8d,Sd9ac9c20f7,1,2026-09-02T05:08:10,in_terminal_wifi,text,leisure,Where can I find shops in the terminal? you're not helping,shopping,shopping,0.798,False,True,829,325,4,True
U19cf1665,Sa4643fc180,0,2026-08-27T14:26:00,mobile_app,text,transit,Where are the vending machines?,vending_machine,restaurant,0.512,False,False,1167,483,3,False
U19cf1665,Sa4643fc180,1,2026-08-27T14:26:23,mobile_app,text,transit,What time does boarding start for my flight?,boarding_time,boarding_time,0.748,False,True,634,309,5,False
U19cf1665,Sa4643fc180,2,2026-08-27T14:26:39,mobile_app,text,transit,Where do I go through passport control?,immigration,immigration,0.654,False,True,1225,504,4,False
U7555b4a7,S3f0a1b9c3e,0,2026-09-01T07:54:00,web,text,leisure,Where do I get a visa on arrival?,visa_on_arrival,customs,0.489,False,False,667,368,2,False
U7555b4a7,S3f0a1b9c3e,1,2026-09-01T07:55:27,web,image,leisure,Can I buy perfume after security?,duty_free,duty_free,0.99,False,True,1343,682,4,False
U7555b4a7,S3f0a1b9c3e,2,2026-09-01T07:56:49,web,text,leisure,Where can I find shops in the terminal?,shopping,shopping,0.896,False,True,637,245,5,False
U58327b35,Sc725e75868,0,2026-08-29T00:32:00,mobile_app,text,business,How long is the security line right now?,security,security,0.792,False,True,625,251,4,False
U58327b35,Sc725e75868,1,2026-08-29T00:33:24,mobile_app,image,business,Where is gate B12?,find_gate,find_gate,0.961,False,True,2414,1385,4,False
U58327b35,Sc725e75868,2,2026-08-29T00:34:34,mobile_app,text,business,Is there a rest area or sleep pods?,sleeping_area,sleeping_area,0.71,False,True,1215,560,4,False
U58327b35,Sc725e75868,3,2026-08-29T00:34:57,mobile_app,voice,business,Is my flight delayed?,flight_status,flight_status,0.813,False,True,1222,430,4,False
U58327b35,Sc725e75868,4,2026-08-29T00:35:07,mobile_app,voice,business,Where is the transfer desk for connecting passengers?,transfer_desk,transit_connection,0.547,False,False,1043,422,2,False
U58327b35,S6aaede4c04,0,2026-08-25T13:31:00,mobile_app,text,business,Where is the nearest coffee shop?,coffee_shop,coffee_shop,0.714,False,True,685,268,5,False
U58327b35,S6aaede4c04,1,2026-08-25T13:31:32,mobile_app,voice,business,Where is security control?,security,security,0.696,False,True,1084,611,5,False
U58327b35,S6aaede4c04,2,2026-08-25T13:32:46,mobile_app,text,business,Where is security control?,security,security,0.99,False,True,631,260,4,False
U58327b35,S6aaede4c04,3,2026-08-25T13:34:05,mobile_app,text,business,"I have a connecting flight, where do I go?",transit_connection,fallback,0.389,True,False,1297,585,1,False
U58327b35,S6aaede4c04,4,2026-08-25T13:34:28,mobile_app,text,business,Where is security control?,security,security,0.99,False,True,768,349,5,False
U58327b35,S6aaede4c04,5,2026-08-25T13:35:33,mobile_app,text,business,Where is gate C3?,find_gate,find_gate,0.695,False,True,1368,792,4,False
U58327b35,S5a2eb18552,0,2026-09-05T01:06:00,mobile_app,text,business,How do I get to baggage claim?,baggage_claim,lost_and_found,0.99,False,False,807,448,3,False
U58327b35,S6bb4effb96,0,2026-08-27T00:39:00,mobile_app,text,business,Where is the nearest information desk?,information_desk,flight_status,0.762,False,False,780,285,2,False
U58327b35,S6bb4effb96,1,2026-08-27T00:40:04,mobile_app,voice,business,What time does boarding start for my flight?,boarding_time,boarding_time,0.563,False,True,1245,554,4,False
U58327b35,S6bb4effb96,2,2026-08-27T00:40:24,mobile_app,text,business,Where is the pharmacy?,pharmacy,pharmacy,0.959,False,True,462,233,5,False
U58327b35,S58f94b2df0,0,2026-08-25T19:33:00,web,text,business,Is my flight delayed?,flight_status,flight_status,0.949,False,True,975,427,5,False
U58327b35,S8be7dbbe51,0,2026-09-01T10:15:00,mobile_app,text,business,"My battery is low, where do I find a socket?",charging_station,charging_station,0.931,False,True,1026,558,4,False
U58327b35,S8be7dbbe51,1,2026-09-01T10:15:26,mobile_app,voice,business,"I've lost my child, who do I contact?",lost_child,lost_child,0.721,False,True,1469,601,4,False
U58327b35,S8be7dbbe51,2,2026-09-01T10:16:45,mobile_app,text,business,"I have a connecting flight, where do I go?",transit_connection,transit_connection,0.577,False,True,916,545,4,False
U58327b35,S8be7dbbe51,3,2026-09-01T10:18:09,mobile_app,image,business,Where are the self check-in kiosks?,self_checkin_kiosk,fallback,0.349,True,False,1563,724,2,False
U58327b35,S8be7dbbe51,4,2026-09-01T10:18:22,mobile_app,image,business,Is there a lounge near terminal 2?,lounge,lounge,0.661,False,True,887,383,5,False
U224166a4,S45c696ece3,0,2026-08-30T05:04:00,in_terminal_wifi,text,first_time,still Where is the nearest emergency exit? just tell me,emergency_exit,emergency_exit,0.631,False,True,986,428,4,True
U38558e0d,Sdde12d9ba7,0,2026-08-29T08:01:00,mobile_app,text,leisure,Where can I find shops in the terminal?,shopping,shopping,0.68,False,True,402,207,5,False
U38558e0d,Sdde12d9ba7,1,2026-08-29T08:02:15,mobile_app,image,leisure,Where do I get a visa on arrival?,visa_on_arrival,visa_on_arrival,0.728,False,True,1536,610,4,False
Uf54594a6,S506f6b9225,0,2026-09-04T12:58:00,web,text,transit,Do I need to declare anything at customs?,customs,customs,0.868,False,True,604,230,4,False
Uf54594a6,S506f6b9225,1,2026-09-04T12:59:13,web,image,transit,Where do I get a visa on arrival?,visa_on_arrival,information_desk,0.523,False,False,1539,827,2,False
Uf54594a6,S506f6b9225,2,2026-09-04T13:00:08,web,text,transit,"I've lost my child, who do I contact?",lost_child,lost_child,0.711,False,True,308,144,5,False
Uf54594a6,S506f6b9225,3,2026-09-04T13:01:30,web,image,transit,Where do I go through passport control?,immigration,customs,0.482,False,False,1276,730,2,False
Uf54594a6,S506f6b9225,4,2026-09-04T13:02:51,web,voice,transit,one more time Where can I charge my phone? just tell me,charging_station,charging_station,0.822,False,True,1166,589,4,True
Uf54594a6,S506f6b9225,5,2026-09-04T13:03:53,web,text,transit,Where do I go through passport control?,immigration,customs,0.455,False,False,995,572,2,False
U89706f4c,S8ba135fe2c,0,2026-09-06T13:59:00,web,text,business,Do I need to declare anything at customs?,customs,customs,0.724,False,True,1031,578,5,False
U89706f4c,S8ba135fe2c,1,2026-09-06T13:59:32,web,image,business,Where is security control?,security,information_desk,0.575,False,False,1256,752,3,False
U89706f4c,S8ba135fe2c,2,2026-09-06T14:00:31,web,text,business,Where is the transfer desk for connecting passengers?,transfer_desk,information_desk,0.724,False,False,763,365,2,False
U89706f4c,S8ba135fe2c,3,2026-09-06T14:01:49,web,text,business,Where is the transfer desk for connecting passengers?,transfer_desk,fallback,0.414,True,False,1839,840,2,False
U89706f4c,S0d19d0b3e6,0,2026-09-02T05:23:00,mobile_app,voice,business,Where is gate C3?,find_gate,find_gate,0.947,False,True,1345,701,5,False
U89706f4c,S0d19d0b3e6,1,2026-09-02T05:23:59,mobile_app,voice,business,Is there a rest area or sleep pods?,sleeping_area,sleeping_area,0.711,False,True,2547,1101,5,False
U89706f4c,S0d19d0b3e6,2,2026-09-02T05:25:27,mobile_app,image,business,Where is the transfer desk for connecting passengers?,transfer_desk,transfer_desk,0.754,False,True,1478,714,5,False
U89706f4c,S0d19d0b3e6,3,2026-09-02T05:25:59,mobile_app,text,business,Is there a lounge near terminal 2?,lounge,lounge,0.986,False,True,653,341,5,False
U89706f4c,S0d19d0b3e6,4,2026-09-02T05:27:09,mobile_app,text,business,Where is the baggage drop counter?,baggage_drop,baggage_drop,0.81,False,True,776,285,5,False
U89706f4c,S0d19d0b3e6,5,2026-09-02T05:27:24,mobile_app,text,business,Is my flight delayed?,flight_status,flight_status,0.698,False,True,1451,648,4,False
U89706f4c,S590766f494,0,2026-09-01T03:42:00,mobile_app,voice,business,Where can I relax before my flight in terminal 2?,lounge,lounge,0.908,False,True,1375,503,5,False
U89706f4c,S590766f494,1,2026-09-01T03:42:59,mobile_app,text,business,How long is the security line right now?,security,security,0.823,False,True,442,186,4,False
U89706f4c,S590766f494,2,2026-09-01T03:44:05,mobile_app,image,business,Where is gate B12?,find_gate,find_gate,0.811,False,True,956,437,5,False
U89706f4c,S590766f494,3,2026-09-01T03:45:02,mobile_app,text,business,"I see an unattended bag, who do I report it to?",unattended_baggage,unattended_baggage,0.7,False,True,1482,577,5,False
U89706f4c,S590766f494,4,2026-09-01T03:46:30,mobile_app,voice,business,Where can I relax before my flight in terminal 2?,lounge,lounge,0.936,False,True,2058,910,5,False
U89706f4c,S58e9fec45b,0,2026-08-31T19:10:00,kiosk,text,business,Is there a family room for changing my baby?,family_room,family_room,0.775,False,True,759,340,5,False
U89706f4c,S58e9fec45b,1,2026-08-31T19:10:09,kiosk,text,business,Where is the nearest emergency exit?,emergency_exit,fallback,0.314,True,False,1025,376,1,False
U89706f4c,S58e9fec45b,2,2026-08-31T19:11:27,kiosk,text,business,Where is security control?,security,security,0.695,False,True,854,361,5,False
Uab966859,S567af55150,0,2026-08-26T02:17:00,web,text,leisure,Where is the check in desk for international flights?,check_in,check_in,0.827,False,True,804,386,5,False
Uab966859,S567af55150,1,2026-08-26T02:17:21,web,text,leisure,Where is gate B12?,find_gate,find_gate,0.87,False,True,621,256,5,False
Uab966859,S567af55150,2,2026-08-26T02:17:59,web,text,leisure,Where is the check in desk for international flights?,check_in,check_in,0.84,False,True,742,413,5,False
Uab966859,Sa52a6d4a96,0,2026-08-25T18:32:00,mobile_app,text,leisure,What time does boarding start for my flight?,boarding_time,boarding_time,0.748,False,True,674,295,5,False
U3c9e5284,S58f7111b31,0,2026-08-28T19:14:00,mobile_app,voice,family,How do I get to baggage claim?,baggage_claim,baggage_claim,0.692,False,True,1246,744,5,False
U3c9e5284,S58f7111b31,1,2026-08-28T19:15:16,mobile_app,image,family,Can I smoke inside the terminal?,smoking_area,smoking_area,0.64,False,True,601,314,4,False
U3c9e5284,S58f7111b31,2,2026-08-28T19:15:41,mobile_app,voice,family,What time does flight LH123 depart?,flight_status,flight_status,0.838,False,True,1334,616,5,False
U3c9e5284,S58f7111b31,3,2026-08-28T19:16:54,mobile_app,text,family,Where is the pharmacy?,pharmacy,pharmacy,0.849,False,True,421,179,4,False
U8f41c395,Sd1eba11d53,0,2026-08-30T20:18:00,mobile_app,text,first_time,Where is the airport police station?,police_desk,police_desk,0.661,False,True,642,327,5,False
U8f41c395,Sd1eba11d53,1,2026-08-30T20:18:13,mobile_app,image,first_time,Where is the nearest information desk?,information_desk,information_desk,0.721,False,True,1062,615,5,False
U8f41c395,Sd1eba11d53,2,2026-08-30T20:18:52,mobile_app,voice,first_time,Where are the self check-in kiosks?,self_checkin_kiosk,information_desk,0.528,False,False,1498,708,2,False
U8f41c395,Sd1eba11d53,3,2026-08-30T20:19:24,mobile_app,image,first_time,How do I get to baggage claim?,baggage_claim,baggage_claim,0.838,False,True,1250,534,5,False
U8f41c395,S083d7d2448,0,2026-08-28T14:18:00,mobile_app,image,first_time,"I've lost my child, who do I contact?",lost_child,lost_child,0.582,False,True,2604,1240,5,False
U8f41c395,S083d7d2448,1,2026-08-28T14:19:03,mobile_app,voice,first_time,Where is security control?,security,security,0.873,False,True,1435,827,5,False
U8f41c395,S083d7d2448,2,2026-08-28T14:19:49,mobile_app,text,first_time,Where can I relax before my flight in terminal 2?,lounge,lounge,0.806,False,True,562,243,4,False
U8f41c395,S083d7d2448,3,2026-08-28T14:20:57,mobile_app,image,first_time,"I need to check in for my flight, where do I go?",check_in,check_in,0.728,False,True,2812,1666,4,False
U8f41c395,S083d7d2448,4,2026-08-28T14:21:52,mobile_app,text,first_time,Where is gate B12?,find_gate,find_gate,0.866,False,True,727,333,4,False
U6ca318f7,S18d711295a,0,2026-08-30T21:45:00,mobile_app,voice,leisure,Where do I go through passport control?,immigration,fallback,0.433,True,False,1418,784,1,False
U6ca318f7,S18d711295a,1,2026-08-30T21:46:28,mobile_app,text,leisure,Is there a restaurant open now near gate B12?,restaurant,restaurant,0.852,False,True,442,182,5,False
U6ca318f7,S18d711295a,2,2026-08-30T21:47:53,mobile_app,voice,leisure,Where is the nearest information desk?,information_desk,information_desk,0.792,False,True,1897,909,4,False
U6ca318f7,S1ca1e0b63b,0,2026-08-27T18:16:00,mobile_app,text,leisure,Where can I eat before my flight?,restaurant,restaurant,0.575,False,True,631,238,5,False
U6ca318f7,S1ca1e0b63b,1,2026-08-27T18:17:21,mobile_app,text,leisure,Where is the nearest restroom?,restroom,restroom,0.709,False,True,577,344,5,False
U64fa211c,S64d70cb82b,0,2026-09-02T18:41:00,web,text,transit,Is there a currency exchange counter near departures?,currency_exchange,currency_exchange,0.944,False,True,1057,585,4,False
U64fa211c,S64d70cb82b,1,2026-09-02T18:41:31,web,text,transit,Where is the customs declaration desk?,customs,baggage_claim,0.848,False,False,594,263,2,False
U64fa211c,S64d70cb82b,2,2026-09-02T18:42:14,web,text,transit,Where do I pick up my luggage?,baggage_claim,baggage_claim,0.906,False,True,812,436,5,False
U9a1e7138,S0a3e7d3fcc,0,2026-08-25T08:13:00,mobile_app,image,business,Where can I pray at the airport?,prayer_room,prayer_room,0.778,False,True,1104,488,5,False
U9a1e7138,S0a3e7d3fcc,1,2026-08-25T08:13:51,mobile_app,voice,business,What's the weather like in London?,out_of_scope,fallback,0.925,True,False,1898,1046,2,False
U9a1e7138,S0a3e7d3fcc,2,2026-08-25T08:13:59,mobile_app,voice,business,"as I said I lost my bag, where is lost and found?",lost_and_found,lost_and_found,0.722,False,True,1639,758,4,True
U9a1e7138,Sfa5e4ccb97,0,2026-08-26T01:52:00,web,image,business,"I have a connecting flight, where do I go?",transit_connection,transit_connection,0.663,False,True,756,414,5,False
U9a1e7138,Sfa5e4ccb97,1,2026-08-26T01:52:52,web,image,business,Where do I go through passport control?,immigration,immigration,0.83,False,True,868,334,5,False
U9a1e7138,S903af44771,0,2026-09-07T03:32:00,mobile_app,text,business,Where do I drop off my checked bag?,baggage_drop,baggage_claim,0.99,False,False,1037,503,3,False
U9a1e7138,S903af44771,1,2026-09-07T03:32:39,mobile_app,voice,business,Where is the duty-free shop? seriously?,duty_free,duty_free,0.722,False,True,2666,1079,4,True
U9a1e7138,S903af44771,2,2026-09-07T03:33:19,mobile_app,image,business,Where is security control?,security,information_desk,0.695,False,False,849,419,2,False
U9a1e7138,S903af44771,3,2026-09-07T03:34:43,mobile_app,text,business,What time does boarding start for my flight?,boarding_time,boarding_time,0.894,False,True,897,411,4,False
U9efac7b3,Sa4456ed5e7,0,2026-08-26T15:47:00,mobile_app,voice,leisure,Where is the ride-hailing pickup zone?,uber_pickup,uber_pickup,0.718,False,True,1606,586,5,False
U9efac7b3,Sa4456ed5e7,1,2026-08-26T15:48:16,mobile_app,text,leisure,Where is the check in desk for international flights?,check_in,check_in,0.637,False,True,970,435,4,False
U83e187f5,S058e1216e1,0,2026-08-29T12:31:00,kiosk,text,leisure,Is there a restaurant open now near gate B12?,restaurant,restaurant,0.779,False,True,1296,493,4,False
U83e187f5,S058e1216e1,1,2026-08-29T12:32:21,kiosk,image,leisure,Where is gate C3?,find_gate,find_gate,0.99,False,True,2428,942,5,False
U83e187f5,S058e1216e1,2,2026-08-29T12:32:55,kiosk,image,leisure,Where can I find shops in the terminal?,shopping,currency_exchange,0.811,False,False,2354,917,3,False
U83e187f5,S0bb0364cc0,0,2026-09-04T20:22:00,mobile_app,text,leisure,Where is the nearest restroom?,restroom,restroom,0.724,False,True,699,301,4,False
U83e187f5,S558b3256df,0,2026-08-26T03:19:00,in_terminal_wifi,text,leisure,Is there halal food available at the airport?,halal_food,halal_food,0.67,False,True,1108,568,5,False
U83e187f5,S558b3256df,1,2026-08-26T03:19:54,in_terminal_wifi,text,leisure,Where is the nearest restroom?,restroom,restroom,0.745,False,True,1242,486,5,False
U83e187f5,S558b3256df,2,2026-08-26T03:20:09,in_terminal_wifi,image,leisure,What time does boarding start for my flight?,boarding_time,find_gate,0.797,False,False,1486,609,2,False
U854b4d16,S4876594205,0,2026-09-05T17:49:00,mobile_app,voice,leisure,Where can I eat before my flight?,restaurant,restaurant,0.647,False,True,982,373,4,False
U854b4d16,S4876594205,1,2026-09-05T17:49:18,mobile_app,voice,leisure,Is there a USB charging point near the gates? come on,charging_station,charging_station,0.666,False,True,1549,771,4,True
U854b4d16,S4876594205,2,2026-09-05T17:50:15,mobile_app,voice,leisure,Where do I go through passport control?,immigration,fallback,0.347,True,False,2754,1333,1,False
U854b4d16,S4876594205,3,2026-09-05T17:51:14,mobile_app,text,leisure,How long is the security line right now? you're not helping,security,security,0.587,False,True,738,379,4,True
U520f32ab,S42a986f621,0,2026-09-02T19:51:00,mobile_app,voice,leisure,"I lost my bag, where is lost and found?",lost_and_found,lost_and_found,0.791,False,True,4251,2025,4,False
U520f32ab,S42a986f621,1,2026-09-02T19:51:54,mobile_app,text,leisure,Where are the vending machines?,vending_machine,vending_machine,0.724,False,True,682,351,4,False
U520f32ab,S42a986f621,2,2026-09-02T19:52:58,mobile_app,text,leisure,"I need to check in for my flight, where do I go?",check_in,check_in,0.794,False,True,431,222,5,False
Ufba8a5c7,S3a56535b95,0,2026-09-07T11:08:00,mobile_app,text,first_time,Where is the nearest emergency exit?,emergency_exit,information_desk,0.5,False,False,649,301,2,False
Ufba8a5c7,S3a56535b95,1,2026-09-07T11:08:40,mobile_app,image,first_time,Where is the nearest restroom?,restroom,restroom,0.83,False,True,1611,713,5,False
U92d353ea,Sa66867f732,0,2026-08-27T15:50:00,mobile_app,text,first_time,Where is gate B12?,find_gate,find_gate,0.782,False,True,675,251,4,False
U92d353ea,Sa66867f732,1,2026-08-27T15:50:50,mobile_app,text,first_time,still How long is the security line right now? you're not helping,security,security,0.879,False,True,762,366,4,True
U92d353ea,S3581d91269,0,2026-08-26T21:22:00,kiosk,text,first_time,Where is the nearest information desk?,information_desk,information_desk,0.591,False,True,737,406,4,False
U92d353ea,S3581d91269,1,2026-08-26T21:23:16,kiosk,image,first_time,Where is the nearest information desk?,information_desk,information_desk,0.648,False,True,1753,730,5,False
U39e7d904,S922f365cb5,0,2026-08-29T02:38:00,mobile_app,text,transit,Where do I go through passport control?,immigration,fallback,0.446,True,False,1163,680,1,False
U39e7d904,S922f365cb5,1,2026-08-29T02:38:37,mobile_app,image,transit,Where is the customs declaration desk?,customs,baggage_claim,0.905,False,False,1685,629,2,False
U39e7d904,S922f365cb5,2,2026-08-29T02:39:58,mobile_app,voice,transit,Where do I pick up my luggage?,baggage_claim,baggage_claim,0.628,False,True,1427,677,5,False
U39e7d904,S922f365cb5,3,2026-08-29T02:41:14,mobile_app,text,transit,Where can I take a shower?,shower_facility,shower_facility,0.793,False,True,619,254,4,False
U39e7d904,S922f365cb5,4,2026-08-29T02:42:29,mobile_app,text,transit,Where can I find shops in the terminal? this is useless,shopping,duty_free,0.751,False,False,786,348,1,True
U39e7d904,S455fd772af,0,2026-09-07T22:54:00,web,text,transit,Is there a rest area or sleep pods?,sleeping_area,sleeping_area,0.79,False,True,970,495,4,False
U39e7d904,S455fd772af,1,2026-09-07T22:54:12,web,image,transit,Where do I get picked up by Uber?,uber_pickup,uber_pickup,0.99,False,True,1060,464,4,False
U39e7d904,S455fd772af,2,2026-09-07T22:54:20,web,text,transit,Is my flight delayed?,flight_status,flight_status,0.807,False,True,755,287,4,False
U39e7d904,S455fd772af,3,2026-09-07T22:55:30,web,text,transit,Where can I find an ATM?,atm,atm,0.814,False,True,656,259,5,False
U39e7d904,Sf30d517c03,0,2026-09-07T19:10:00,mobile_app,image,transit,Where can I find an ATM?,atm,atm,0.933,False,True,1880,1007,5,False
U39e7d904,Sf30d517c03,1,2026-09-07T19:10:12,mobile_app,text,transit,Where is the nearest coffee shop?,coffee_shop,coffee_shop,0.644,False,True,786,300,4,False
U39e7d904,Sf30d517c03,2,2026-09-07T19:11:11,mobile_app,image,transit,"I've lost my child, who do I contact?",lost_child,information_desk,0.515,False,False,1417,551,2,False
U39e7d904,Sf30d517c03,3,2026-09-07T19:12:23,mobile_app,voice,transit,Can I store my bags somewhere while I wait?,bag_storage,bag_storage,0.974,False,True,2021,1091,5,False
U39e7d904,Sf30d517c03,4,2026-09-07T19:13:02,mobile_app,voice,transit,Where is the pharmacy?,pharmacy,pharmacy,0.894,False,True,3425,1410,4,False
U39e7d904,Sb1aac12b52,0,2026-09-06T08:44:00,web,voice,transit,Where is the customs declaration desk?,customs,customs,0.596,False,True,1747,1044,5,False
U39e7d904,Sb1aac12b52,1,2026-09-06T08:44:26,web,text,transit,Where do I go through passport control?,immigration,immigration,0.583,False,True,781,356,5,False
U39e7d904,Sb1aac12b52,2,2026-09-06T08:44:41,web,text,transit,Where do I go through passport control?,immigration,visa_on_arrival,0.539,False,False,592,254,3,False
U39e7d904,S2bbcbd02a4,0,2026-09-05T04:20:00,mobile_app,text,transit,"I have a connecting flight, where do I go?",transit_connection,transit_connection,0.682,False,True,697,246,5,False
U39e7d904,S2bbcbd02a4,1,2026-09-05T04:21:18,mobile_app,text,transit,Can I smoke inside the terminal?,smoking_area,smoking_area,0.68,False,True,1199,445,5,False
U39e7d904,S2bbcbd02a4,2,2026-09-05T04:21:39,mobile_app,voice,transit,Is there somewhere to charge my laptop?,charging_station,charging_station,0.917,False,True,2648,1054,4,False
U39e7d904,S2bbcbd02a4,3,2026-09-05T04:22:44,mobile_app,text,transit,How do I get to the train station from the airport?,transport,transport,0.715,False,True,670,304,5,False
U39e7d904,Sebc7c6c166,0,2026-09-06T22:22:00,mobile_app,text,transit,"I have a connecting flight, where do I go?",transit_connection,lost_child,0.496,False,False,346,146,2,False
U39e7d904,Sebc7c6c166,1,2026-09-06T22:23:20,mobile_app,image,transit,Which bus goes to the city centre?,bus_stop,bus_stop,0.99,False,True,887,327,5,False
U39e7d904,Sebc7c6c166,2,2026-09-06T22:24:24,mobile_app,text,transit,Where can I take a shower? this is useless,shower_facility,shower_facility,0.842,False,True,518,240,4,True
U39e7d904,Sebc7c6c166,3,2026-09-06T22:25:39,mobile_app,image,transit,Where is the nearest emergency exit?,emergency_exit,fallback,0.364,True,False,1530,552,1,False
U2e3f89db,Sc7ad77b4bd,0,2026-08-29T09:17:00,in_terminal_wifi,image,leisure,Where can I refill my water bottle?,water_fountain,restroom,0.482,False,False,713,307,2,False
U2e3f89db,Sc7ad77b4bd,1,2026-08-29T09:18:18,in_terminal_wifi,text,leisure,Is there a currency exchange counter near departures?,currency_exchange,atm,0.901,False,False,617,365,3,False
U2e3f89db,Sc7ad77b4bd,2,2026-08-29T09:19:34,in_terminal_wifi,voice,leisure,Where can I pray at the airport?,prayer_room,sleeping_area,0.744,False,False,1218,675,2,False
U2e3f89db,Sc7ad77b4bd,3,2026-08-29T09:20:10,in_terminal_wifi,text,leisure,Can I buy perfume after security? why is this so hard,duty_free,duty_free,0.657,False,True,444,175,4,True
U71612f31,Sf192ab7322,0,2026-09-04T14:01:00,web,image,leisure,Where is the duty-free shop?,duty_free,duty_free,0.855,False,True,823,487,5,False
U71612f31,Sf192ab7322,1,2026-09-04T14:01:20,web,text,leisure,Is there a restaurant open now near gate B12?,restaurant,restaurant,0.99,False,True,698,388,5,False
U71612f31,Sf192ab7322,2,2026-09-04T14:02:50,web,text,leisure,"I have a connecting flight, where do I go?",transit_connection,transfer_desk,0.562,False,False,558,207,3,False
U71612f31,Sf192ab7322,3,2026-09-04T14:03:15,web,text,leisure,Is there a shuttle to nearby hotels?,hotel_shuttle,fallback,0.336,True,False,893,366,2,False
U81d0411b,S7091adda6d,0,2026-09-07T06:06:00,mobile_app,text,leisure,still Is there a rest area or sleep pods? come on,sleeping_area,sleeping_area,0.805,False,True,819,365,5,True
U81d0411b,S7091adda6d,1,2026-09-07T06:06:22,mobile_app,image,leisure,Where do I go through passport control?,immigration,immigration,0.558,False,True,3181,1844,5,False
U81d0411b,S7091adda6d,2,2026-09-07T06:06:35,mobile_app,text,leisure,"I lost my bag, where is lost and found?",lost_and_found,lost_and_found,0.99,False,True,996,423,5,False
U81d0411b,Sce36be3e61,0,2026-09-02T02:23:00,mobile_app,text,leisure,Is there a restaurant open now near gate B12?,restaurant,restaurant,0.73,False,True,828,382,5,False
U81d0411b,Sce36be3e61,1,2026-09-02T02:24:09,mobile_app,text,leisure,Where is the nearest restroom?,restroom,restroom,0.646,False,True,942,404,5,False
U81d0411b,Sce36be3e61,2,2026-09-02T02:25:11,mobile_app,image,leisure,Is there a shuttle to nearby hotels?,hotel_shuttle,hotel_shuttle,0.618,False,True,2811,1253,4,False
U81d0411b,Sce36be3e61,3,2026-09-02T02:26:29,mobile_app,text,leisure,Where is the nearest information desk?,information_desk,information_desk,0.602,False,True,644,260,5,False
U81d0411b,Sce36be3e61,4,2026-09-02T02:26:48,mobile_app,text,leisure,Is there a currency exchange counter near departures?,currency_exchange,prayer_room,0.604,False,False,818,357,2,False
U81d0411b,Sce36be3e61,5,2026-09-02T02:27:13,mobile_app,text,leisure,Where is the duty-free shop?,duty_free,duty_free,0.99,False,True,349,132,5,False
U67abdaea,S6829d14375,0,2026-08-30T06:44:00,in_terminal_wifi,text,leisure,What time does boarding start for my flight?,boarding_time,boarding_time,0.661,False,True,786,386,5,False
U67abdaea,S6829d14375,1,2026-08-30T06:45:01,in_terminal_wifi,text,leisure,"I need to check in for my flight, where do I go?",check_in,check_in,0.843,False,True,688,351,4,False
U67abdaea,S6829d14375,2,2026-08-30T06:45:10,in_terminal_wifi,text,leisure,Where is the customs declaration desk? why is this so hard,customs,customs,0.843,False,True,691,400,3,True
U67abdaea,S6829d14375,3,2026-08-30T06:46:22,in_terminal_wifi,text,leisure,Do I need to declare anything at customs?,customs,immigration,0.745,False,False,871,439,2,False
U67abdaea,S6829d14375,4,2026-08-30T06:46:58,in_terminal_wifi,voice,leisure,Where is gate C3?,find_gate,find_gate,0.922,False,True,1522,847,4,False
U67abdaea,S6829d14375,5,2026-08-30T06:47:27,in_terminal_wifi,text,leisure,as I said What time does boarding start for my flight? come on,boarding_time,boarding_time,0.979,False,True,801,322,4,True
Ubf7c6424,Sbc6ceb056c,0,2026-09-04T06:15:00,web,text,leisure,as I said Is there a play area for children? seriously?,kids_play_area,kids_play_area,0.99,False,True,741,352,3,True
Ubf7c6424,Sbc6ceb056c,1,2026-09-04T06:15:48,web,text,leisure,Where is the nearest restroom?,restroom,restroom,0.99,False,True,672,365,4,False
Ubf7c6424,Sbc6ceb056c,2,2026-09-04T06:15:59,web,text,leisure,Is there a lounge near terminal 2?,lounge,lounge,0.817,False,True,921,526,5,False
Ubf7c6424,S0c56c226b4,0,2026-08-28T11:51:00,mobile_app,image,leisure,Where can I eat before my flight?,restaurant,restaurant,0.72,False,True,1631,825,5,False
Ubf7c6424,S0c56c226b4,1,2026-08-28T11:52:03,mobile_app,voice,leisure,Is there a baggage wrapping service?,baggage_wrapping,check_in,0.454,False,False,1291,483,1,False
Ubf7c6424,S0c56c226b4,2,2026-08-28T11:52:12,mobile_app,image,leisure,Where is the check in desk for international flights?,check_in,check_in,0.622,False,True,1091,462,5,False
Uee6dd6ba,S20e89552f8,0,2026-08-28T03:49:00,mobile_app,voice,first_time,Where can I refill my water bottle?,water_fountain,water_fountain,0.576,False,True,2437,1074,5,False
U1b902719,S5fce61a61d,0,2026-09-04T09:28:00,web,text,leisure,"I see an unattended bag, who do I report it to?",unattended_baggage,unattended_baggage,0.722,False,True,1070,540,4,False
U30920b54,Sb6c644bbcb,0,2026-09-05T22:00:00,mobile_app,voice,business,Is my flight delayed?,flight_status,flight_status,0.807,False,True,1407,656,5,False
U30920b54,Sb6c644bbcb,1,2026-09-05T22:01:30,mobile_app,voice,business,Where can I relax before my flight in terminal 2?,lounge,lounge,0.819,False,True,1881,807,5,False
U30920b54,Sb6c644bbcb,2,2026-09-05T22:02:55,mobile_app,voice,business,Where can I relax before my flight in terminal 2?,lounge,lounge,0.862,False,True,721,278,4,False
U30920b54,Sb6c644bbcb,3,2026-09-05T22:03:30,mobile_app,text,business,What time does flight LH123 depart?,flight_status,find_gate,0.725,False,False,599,323,2,False
U77112a1e,Scfba988f19,0,2026-08-26T13:25:00,mobile_app,image,first_time,Where do I pick up my luggage?,baggage_claim,baggage_claim,0.661,False,True,1494,682,5,False
U77112a1e,Scfba988f19,1,2026-08-26T13:25:46,mobile_app,text,first_time,"I need to check in for my flight, where do I go?",check_in,check_in,0.904,False,True,890,408,4,False
U77112a1e,Scfba988f19,2,2026-08-26T13:27:07,mobile_app,text,first_time,Where is gate C3?,find_gate,find_gate,0.853,False,True,463,257,5,False
U77112a1e,Scfba988f19,3,2026-08-26T13:27:55,mobile_app,image,first_time,Can I store my bags somewhere while I wait?,bag_storage,information_desk,0.92,False,False,1181,626,2,False
U6709b184,S58caeda9bf,0,2026-09-04T19:40:00,web,image,leisure,Where can I exchange money?,currency_exchange,currency_exchange,0.77,False,True,1409,560,5,False
U6709b184,S58caeda9bf,1,2026-09-04T19:41:21,web,text,leisure,"I see an unattended bag, who do I report it to?",unattended_baggage,police_desk,0.483,False,False,919,402,2,False
U6709b184,S58caeda9bf,2,2026-09-04T19:42:38,web,image,leisure,Where is gate B12?,find_gate,find_gate,0.814,False,True,982,383,5,False
U6709b184,S58caeda9bf,3,2026-09-04T19:43:41,web,voice,leisure,Where is the duty-free shop?,duty_free,duty_free,0.712,False,True,1155,591,5,False
U6709b184,S77efc4b161,0,2026-08-26T20:47:00,web,image,leisure,Where is the nearest restroom?,restroom,restroom,0.885,False,True,1672,909,5,False
U6709b184,S77efc4b161,1,2026-08-26T20:48:18,web,text,leisure,Where is gate B12?,find_gate,find_gate,0.754,False,True,817,471,4,False
U6709b184,S77efc4b161,2,2026-08-26T20:49:48,web,text,leisure,Where can I eat before my flight?,restaurant,restaurant,0.936,False,True,747,430,4,False
U6709b184,Sc0e293e82c,0,2026-08-31T06:00:00,mobile_app,voice,leisure,Where do I pick up my luggage?,baggage_claim,baggage_claim,0.838,False,True,1145,469,5,False
U6709b184,Sc0e293e82c,1,2026-08-31T06:00:58,mobile_app,voice,leisure,"I need to check in for my flight, where do I go?",check_in,check_in,0.664,False,True,870,342,4,False
U6709b184,S2eea1d44c2,0,2026-08-27T03:51:00,mobile_app,text,leisure,"I've lost my child, who do I contact?",lost_child,lost_child,0.593,False,True,868,324,5,False
U6709b184,S2eea1d44c2,1,2026-08-27T03:51:11,mobile_app,voice,leisure,Is my flight delayed?,flight_status,flight_status,0.736,False,True,1562,930,5,False
U6709b184,S2eea1d44c2,2,2026-08-27T03:52:40,mobile_app,text,leisure,Where is the parking garage?,parking,parking,0.851,False,True,569,310,5,False
U6709b184,S2eea1d44c2,3,2026-08-27T03:53:36,mobile_app,voice,leisure,Where is the nearest restroom?,restroom,restroom,0.716,False,True,3671,1415,5,False
Ub4958a21,S8523ddefd1,0,2026-08-30T11:25:00,web,text,business,What time does boarding start for my flight?,boarding_time,boarding_time,0.701,False,True,905,522,4,False
Ub4958a21,S8523ddefd1,1,2026-08-30T11:25:28,web,text,business,Where is the check in desk for international flights?,check_in,check_in,0.893,False,True,615,368,5,False
Ub4958a21,S8523ddefd1,2,2026-08-30T11:26:52,web,text,business,Is there a lounge near terminal 2?,lounge,lounge,0.806,False,True,330,133,4,False
Ub4958a21,Sd7aa196ec0,0,2026-08-30T09:14:00,mobile_app,voice,business,What time does boarding start for my flight?,boarding_time,boarding_time,0.827,False,True,1997,1070,4,False
Ub4958a21,Sd7aa196ec0,1,2026-08-30T09:15:11,mobile_app,image,business,Has my gate changed?,gate_change,boarding_time,0.478,False,False,1836,1084,2,False
Ub4958a21,Sd7aa196ec0,2,2026-08-30T09:15:32,mobile_app,voice,business,Where is the pharmacy?,pharmacy,information_desk,0.679,False,False,2910,1096,2,False
Ub4958a21,Sf9f7fbbce6,0,2026-08-31T01:52:00,web,text,business,What time does boarding start for my flight?,boarding_time,boarding_time,0.96,False,True,802,387,5,False
Ub4958a21,Sf9f7fbbce6,1,2026-08-31T01:52:58,web,text,business,Where do I drop off my checked bag?,baggage_drop,baggage_drop,0.615,False,True,1163,515,5,False
Ub4958a21,Sf9f7fbbce6,2,2026-08-31T01:53:46,web,text,business,"My phone is dead, where can I charge it?",charging_station,charging_station,0.927,False,True,750,375,4,False
Ub4958a21,Sf9f7fbbce6,3,2026-08-31T01:55:01,web,text,business,Where can I exchange money?,currency_exchange,currency_exchange,0.775,False,True,533,244,4,False
Ub4958a21,Sf9f7fbbce6,4,2026-08-31T01:55:49,web,text,business,Where is the check in desk for international flights?,check_in,check_in,0.783,False,True,738,328,5,False
Ub4958a21,S576e9562ef,0,2026-09-06T23:00:00,mobile_app,text,business,Where do I get a visa on arrival?,visa_on_arrival,visa_on_arrival,0.616,False,True,545,303,5,False
Ub4958a21,S576e9562ef,1,2026-09-06T23:01:01,mobile_app,text,business,Is there a rest area or sleep pods?,sleeping_area,sleeping_area,0.834,False,True,782,282,4,False
Ub4958a21,S576e9562ef,2,2026-09-06T23:01:47,mobile_app,text,business,Where are the self check-in kiosks?,self_checkin_kiosk,self_checkin_kiosk,0.732,False,True,349,194,5,False
Ub4958a21,S576e9562ef,3,2026-09-06T23:02:12,mobile_app,text,business,What time does boarding start for my flight?,boarding_time,boarding_time,0.871,False,True,1185,655,5,False
Ub4958a21,S576e9562ef,4,2026-09-06T23:03:28,mobile_app,image,business,How do I connect to the airport Wi-Fi?,wifi,wifi,0.843,False,True,1096,572,5,False
Ub4958a21,S574f2f67fc,0,2026-08-27T23:29:00,mobile_app,text,business,Which bus goes to the city centre?,bus_stop,bus_stop,0.915,False,True,1065,436,4,False
Ub4958a21,S574f2f67fc,1,2026-08-27T23:30:09,mobile_app,image,business,How long is the security line right now?,security,security,0.653,False,True,1305,483,5,False
Ub4958a21,S574f2f67fc,2,2026-08-27T23:31:28,mobile_app,text,business,Where is the transfer desk for connecting passengers?,transfer_desk,fallback,0.408,True,False,593,306,1,False
Ub4958a21,S574f2f67fc,3,2026-08-27T23:32:35,mobile_app,text,business,"I have a connecting flight, where do I go?",transit_connection,transit_connection,0.553,False,True,757,324,4,False
Ub4958a21,S574f2f67fc,4,2026-08-27T23:33:22,mobile_app,voice,business,Where can I take a shower?,shower_facility,shower_facility,0.793,False,True,1429,572,4,False
U265bc1c7,S5a0efeac9a,0,2026-08-29T23:41:00,mobile_app,text,leisure,What time does boarding start for my flight?,boarding_time,boarding_time,0.865,False,True,816,377,5,False
U265bc1c7,S5a0efeac9a,1,2026-08-29T23:41:41,mobile_app,voice,leisure,Where can I rent a car?,car_rental,car_rental,0.792,False,True,1078,391,5,False
U265bc1c7,S5a0efeac9a,2,2026-08-29T23:42:23,mobile_app,text,leisure,Is there a family room for changing my baby?,family_room,family_room,0.616,False,True,1261,596,4,False
U265bc1c7,S5a0efeac9a,3,2026-08-29T23:43:26,mobile_app,text,leisure,What time does boarding start for my flight?,boarding_time,boarding_time,0.738,False,True,803,334,5,False
U570d6b26,S1db59e6b43,0,2026-09-06T03:25:00,kiosk,image,business,Where is the smoking area?,smoking_area,smoking_area,0.815,False,True,1545,813,5,False
U570d6b26,S1db59e6b43,1,2026-09-06T03:25:44,kiosk,text,business,Can I smoke inside the terminal?,smoking_area,smoking_area,0.634,False,True,727,378,5,False
U570d6b26,S1db59e6b43,2,2026-09-06T03:26:13,kiosk,image,business,Where can I charge my phone?,charging_station,charging_station,0.712,False,True,1255,744,5,False
U570d6b26,Seed0ecfe2c,0,2026-08-26T00:22:00,kiosk,text,business,Is there a lounge near terminal 2?,lounge,lounge,0.79,False,True,1427,686,5,False
U570d6b26,Seed0ecfe2c,1,2026-08-26T00:22:29,kiosk,image,business,Where is the transfer desk for connecting passengers?,transfer_desk,transfer_desk,0.685,False,True,1941,915,5,False
U570d6b26,Seed0ecfe2c,2,2026-08-26T00:23:23,kiosk,image,business,"I lost my bag, where is lost and found?",lost_and_found,lost_and_found,0.774,False,True,1489,856,4,False
U570d6b26,Seed0ecfe2c,3,2026-08-26T00:24:47,kiosk,text,business,Where can I relax before my flight in terminal 2?,lounge,lounge,0.65,False,True,691,327,4,False
U570d6b26,Seed0ecfe2c,4,2026-08-26T00:25:26,kiosk,text,business,Is there a restaurant open now near gate B12?,restaurant,restaurant,0.764,False,True,993,506,5,False
U570d6b26,Seed0ecfe2c,5,2026-08-26T00:26:09,kiosk,text,business,"I have a connecting flight, where do I go?",transit_connection,find_gate,0.656,False,False,586,350,2,False
U20b50dbc,Sdbf5dc8ca3,0,2026-09-08T00:07:00,web,text,business,Where do I go through passport control?,immigration,immigration,0.759,False,True,649,251,4,False
U20b50dbc,Sdbf5dc8ca3,1,2026-09-08T00:07:45,web,text,business,Where is the airport police station?,police_desk,fallback,0.426,True,False,1346,623,2,False
U20b50dbc,Sdbf5dc8ca3,2,2026-09-08T00:08:20,web,text,business,Where is gate C3?,find_gate,find_gate,0.917,False,True,810,461,5,False
U20b50dbc,Sdbf5dc8ca3,3,2026-09-08T00:09:32,web,text,business,Where is the nearest restroom?,restroom,restroom,0.84,False,True,1048,479,5,False
U20b50dbc,Sdbf5dc8ca3,4,2026-09-08T00:09:50,web,text,business,Can you tell me how to get to gate A5?,find_gate,find_gate,0.903,False,True,659,273,5,False
Ud79330c3,Sf54fe896f2,0,2026-08-30T23:08:00,mobile_app,text,family,Is there a restaurant open now near gate B12?,restaurant,restaurant,0.92,False,True,1027,406,5,False
Ud79330c3,Sf54fe896f2,1,2026-08-30T23:09:03,mobile_app,text,family,What time does boarding start for my flight?,boarding_time,boarding_time,0.761,False,True,529,239,5,False
Ud79330c3,Sf54fe896f2,2,2026-08-30T23:09:14,mobile_app,text,family,"I need special assistance, I use a wheelchair.",special_assistance,special_assistance,0.555,False,True,632,319,4,False
Ueb62c01c,S4134edc806,0,2026-08-27T17:42:00,kiosk,image,leisure,Where can I find an ATM?,atm,atm,0.874,False,True,1017,507,5,False
Ueb62c01c,S4134edc806,1,2026-08-27T17:42:45,kiosk,text,leisure,Is there a play area for children?,kids_play_area,kids_play_area,0.815,False,True,565,205,4,False
Ueb62c01c,S4134edc806,2,2026-08-27T17:43:19,kiosk,text,leisure,Where is the nearest information desk?,information_desk,information_desk,0.884,False,True,707,248,4,False
Ueb62c01c,Sd57863b58a,0,2026-08-26T05:09:00,mobile_app,text,leisure,Where can I get a luggage trolley?,luggage_trolley,luggage_trolley,0.617,False,True,841,396,5,False
Ueb62c01c,Sd57863b58a,1,2026-08-26T05:09:31,mobile_app,image,leisure,Where can I find shops in the terminal?,shopping,shopping,0.735,False,True,1016,517,4,False
Ueb62c01c,Sd57863b58a,2,2026-08-26T05:10:02,mobile_app,voice,leisure,Where is the check in desk for international flights?,check_in,check_in,0.768,False,True,2485,1465,4,False
Ueb62c01c,Sd57863b58a,3,2026-08-26T05:11:13,mobile_app,text,leisure,Where is gate B12?,find_gate,find_gate,0.99,False,True,793,333,4,False
Ueb62c01c,Sd57863b58a,4,2026-08-26T05:11:36,mobile_app,text,leisure,Where is the nearest information desk?,information_desk,information_desk,0.764,False,True,1183,552,5,False
Ueb62c01c,Sd57863b58a,5,2026-08-26T05:12:42,mobile_app,image,leisure,Where can I exchange money?,currency_exchange,currency_exchange,0.61,False,True,1218,445,4,False
Ueb62c01c,Sd57863b58a,6,2026-08-26T05:13:09,mobile_app,voice,leisure,Can I buy perfume after security?,duty_free,duty_free,0.659,False,True,2616,960,4,False
Ueb62c01c,Sd57863b58a,7,2026-08-26T05:14:39,mobile_app,image,leisure,Where do I go through passport control?,immigration,fallback,0.282,True,False,3227,1553,1,False
Ueb62c01c,S20c40002c5,0,2026-09-03T16:37:00,web,voice,leisure,Is there a baggage wrapping service?,baggage_wrapping,fallback,0.408,True,False,1858,965,1,False
Ueb62c01c,S20c40002c5,1,2026-09-03T16:37:49,web,image,leisure,Where is the nearest restroom?,restroom,restroom,0.85,False,True,788,457,4,False
Ucf4d15a3,S5b4fd9989b,0,2026-08-26T19:48:00,kiosk,text,first_time,Can you tell me how to get to gate A5?,find_gate,find_gate,0.893,False,True,764,305,5,False
Ucf4d15a3,S5b4fd9989b,1,2026-08-26T19:48:40,kiosk,text,first_time,Is my flight delayed?,flight_status,flight_status,0.809,False,True,400,148,4,False
Ucf4d15a3,S5b4fd9989b,2,2026-08-26T19:48:51,kiosk,text,first_time,How much does airport parking cost?,parking,parking,0.883,False,True,1354,589,4,False
Ucf4d15a3,S5b4fd9989b,3,2026-08-26T19:50:21,kiosk,text,first_time,Where is the nearest information desk?,information_desk,information_desk,0.72,False,True,461,259,5,False
Ucf4d15a3,S5b4fd9989b,4,2026-08-26T19:50:37,kiosk,text,first_time,What time does flight LH123 depart?,flight_status,flight_status,0.929,False,True,532,258,4,False
Ucf4d15a3,S5b4fd9989b,5,2026-08-26T19:50:47,kiosk,image,first_time,Where can I exchange money?,currency_exchange,information_desk,0.78,False,False,1568,758,3,False
U6f829d10,S440fb7a856,0,2026-09-02T14:25:00,web,text,family,"I need special assistance, I use a wheelchair.",special_assistance,fallback,0.448,True,False,1473,589,1,False
U6f829d10,S440fb7a856,1,2026-09-02T14:25:15,web,text,family,Where can I charge my phone?,charging_station,charging_station,0.792,False,True,333,191,5,False
U6f829d10,See0e7d32ad,0,2026-09-01T00:47:00,mobile_app,text,family,"I need medical assistance, where should I go?",medical_assistance,fallback,0.275,True,False,786,319,2,False
U6f829d10,See0e7d32ad,1,2026-09-01T00:47:52,mobile_app,text,family,"still Where is the nearest information desk? for the third time,",information_desk,information_desk,0.906,False,True,579,282,3,True
U6f829d10,See0e7d32ad,2,2026-09-01T00:48:06,mobile_app,text,family,Where is the nearest information desk?,information_desk,information_desk,0.952,False,True,1080,477,5,False
U6f829d10,See0e7d32ad,3,2026-09-01T00:48:38,mobile_app,image,family,Has my gate changed? ugh,gate_change,fallback,0.304,True,False,705,249,1,True
U6f829d10,See0e7d32ad,4,2026-09-01T00:49:17,mobile_app,text,family,Where can I find shops in the terminal?,shopping,shopping,0.873,False,True,860,328,5,False
U6f829d10,S76707dfe29,0,2026-08-26T07:16:00,mobile_app,text,family,How do I get to the train station from the airport?,transport,transport,0.759,False,True,396,193,4,False
U8c562925,S9793947e98,0,2026-09-02T08:03:00,web,text,leisure,Where is the duty-free shop?,duty_free,duty_free,0.952,False,True,649,316,4,False
U8c562925,S9793947e98,1,2026-09-02T08:03:23,web,text,leisure,Where is gate B12?,find_gate,find_gate,0.807,False,True,586,221,4,False
U8c562925,S9793947e98,2,2026-09-02T08:04:34,web,text,leisure,Where are the self check-in kiosks?,self_checkin_kiosk,check_in,0.464,False,False,629,280,2,False
U8c562925,S9793947e98,3,2026-09-02T08:05:38,web,text,leisure,Is there a baggage wrapping service?,baggage_wrapping,baggage_wrapping,0.566,False,True,701,379,5,False
U8c562925,S9793947e98,4,2026-09-02T08:05:49,web,text,leisure,"I need special assistance, I use a wheelchair.",special_assistance,fallback,0.434,True,False,1806,786,1,False
U0c0771e9,S6c2488ab70,0,2026-09-05T06:51:00,web,text,leisure,What time does boarding start for my flight?,boarding_time,boarding_time,0.788,False,True,437,181,4,False
U0c0771e9,S6c2488ab70,1,2026-09-05T06:51:56,web,image,leisure,Has my gate changed?,gate_change,fallback,0.308,True,False,3502,2058,1,False
Ua6ca1f0c,S8410948013,0,2026-08-29T15:36:00,web,text,business,Is my flight delayed?,flight_status,flight_status,0.922,False,True,555,230,4,False
Ua6ca1f0c,S8410948013,1,2026-08-29T15:36:30,web,text,business,Where is the nearest information desk?,information_desk,information_desk,0.853,False,True,739,424,4,False
Ua6ca1f0c,S97ea323fae,0,2026-08-27T13:49:00,mobile_app,text,business,Where is the transfer desk for connecting passengers?,transfer_desk,check_in,0.464,False,False,741,353,2,False
Ua6ca1f0c,S97ea323fae,1,2026-08-27T13:50:04,mobile_app,text,business,Where is the pharmacy?,pharmacy,pharmacy,0.757,False,True,1902,673,5,False
Ua6ca1f0c,S97ea323fae,2,2026-08-27T13:50:57,mobile_app,text,business,Where can I get a luggage trolley?,luggage_trolley,luggage_trolley,0.556,False,True,869,384,5,False
Ua6ca1f0c,S1ae29e5e28,0,2026-08-29T09:01:00,mobile_app,voice,business,What time does flight LH123 depart?,flight_status,flight_status,0.697,False,True,2227,984,5,False
Ua6ca1f0c,S1ae29e5e28,1,2026-08-29T09:01:45,mobile_app,image,business,How do I connect to the airport Wi-Fi?,wifi,wifi,0.809,False,True,728,347,5,False
Ua6ca1f0c,S1ae29e5e28,2,2026-08-29T09:03:07,mobile_app,image,business,Where can I take a shower?,shower_facility,shower_facility,0.665,False,True,1843,680,5,False
Ua6ca1f0c,S1ae29e5e28,3,2026-08-29T09:03:43,mobile_app,image,business,Where do I check in oversized luggage?,oversized_baggage,check_in,0.509,False,False,1197,560,2,False
Ua6ca1f0c,S1ae29e5e28,4,2026-08-29T09:04:58,mobile_app,text,business,Where can I relax before my flight in terminal 2?,lounge,lounge,0.873,False,True,1131,524,5,False
Ua6ca1f0c,S87ae3d404d,0,2026-08-31T16:05:00,mobile_app,text,business,What time does flight LH123 depart?,flight_status,flight_status,0.97,False,True,566,337,5,False
Ua6ca1f0c,S87ae3d404d,1,2026-08-31T16:06:16,mobile_app,image,business,Where is the nearest emergency exit?,emergency_exit,emergency_exit,0.733,False,True,1466,556,4,False
Ua6ca1f0c,S19f38bc87d,0,2026-09-03T20:40:00,in_terminal_wifi,text,business,Where is a power outlet in the terminal?,charging_station,charging_station,0.766,False,True,343,183,4,False
Ua6ca1f0c,S19f38bc87d,1,2026-09-03T20:40:24,in_terminal_wifi,voice,business,"I have a connecting flight, where do I go?",transit_connection,transit_connection,0.562,False,True,1688,825,4,False
Ua6ca1f0c,S19f38bc87d,2,2026-09-03T20:41:09,in_terminal_wifi,image,business,Which bus goes to the city centre?,bus_stop,bus_stop,0.876,False,True,2322,1018,5,False
Ua6ca1f0c,S19f38bc87d,3,2026-09-03T20:42:14,in_terminal_wifi,text,business,Where are the vending machines?,vending_machine,shopping,0.543,False,False,505,280,2,False
Ua6ca1f0c,S04ee149a85,0,2026-09-03T23:23:00,kiosk,text,business,How long is the security line right now?,security,security,0.788,False,True,895,389,5,False
U01ebc28f,S05c348c704,0,2026-08-31T14:20:00,web,text,leisure,Can you tell me how to get to gate A5?,find_gate,boarding_time,0.854,False,False,713,267,2,False
U01ebc28f,S05c348c704,1,2026-08-31T14:20:44,web,text,leisure,Where is the check in desk for international flights?,check_in,check_in,0.745,False,True,609,363,5,False
U01ebc28f,S05c348c704,2,2026-08-31T14:21:05,web,text,leisure,Where is the transfer desk for connecting passengers?,transfer_desk,transfer_desk,0.602,False,True,884,310,3,True
U01ebc28f,S05c348c704,3,2026-08-31T14:21:16,web,text,leisure,Is there a family room for changing my baby?,family_room,kids_play_area,0.767,False,False,701,369,2,False
Uafaa6acf,Sb17ea883fb,0,2026-09-07T09:17:00,mobile_app,text,family,Is there a hotel inside the airport?,hotel_airside,lounge,0.491,False,False,603,321,3,False
Uafaa6acf,Sb17ea883fb,1,2026-09-07T09:17:17,mobile_app,text,family,Is there a restaurant open now near gate B12?,restaurant,duty_free,0.934,False,False,620,222,2,False
Uafaa6acf,Sb17ea883fb,2,2026-09-07T09:18:46,mobile_app,text,family,"I've lost my child, who do I contact?",lost_child,fallback,0.341,True,False,1074,502,2,False
U77a19f06,Sd71cd26b4c,0,2026-08-29T09:12:00,web,text,leisure,Where is the nearest information desk?,information_desk,information_desk,0.781,False,True,587,231,5,False
U77a19f06,Sd71cd26b4c,1,2026-08-29T09:13:01,web,text,leisure,Is there a restaurant open now near gate B12?,restaurant,restaurant,0.76,False,True,609,314,5,False
U77a19f06,Sd71cd26b4c,2,2026-08-29T09:14:11,web,text,leisure,Where is the nearest restroom?,restroom,restroom,0.614,False,True,875,502,5,False
U77a19f06,S38e35e4729,0,2026-08-29T02:27:00,mobile_app,text,leisure,Where is the duty-free shop?,duty_free,duty_free,0.909,False,True,391,184,5,False
U77a19f06,S38e35e4729,1,2026-08-29T02:28:00,mobile_app,text,leisure,Where can I eat before my flight?,restaurant,restaurant,0.811,False,True,936,401,5,False
U77a19f06,S38e35e4729,2,2026-08-29T02:28:58,mobile_app,text,leisure,Where is the nearest restroom?,restroom,restroom,0.727,False,True,703,389,4,False
U77a19f06,S38e35e4729,3,2026-08-29T02:29:45,mobile_app,text,leisure,Has my gate changed?,gate_change,gate_change,0.656,False,True,541,271,4,False
U77a19f06,S38e35e4729,4,2026-08-29T02:29:55,mobile_app,text,leisure,"I see an unattended bag, who do I report it to?",unattended_baggage,information_desk,0.48,False,False,453,217,2,False
U1e893467,S3726e528fc,0,2026-09-07T22:25:00,mobile_app,image,business,Where is the transfer desk for connecting passengers?,transfer_desk,fallback,0.443,True,False,1460,515,1,False
U1e893467,S3726e528fc,1,2026-09-07T22:25:10,mobile_app,text,business,still Where is the transfer desk for connecting passengers? just tell me,transfer_desk,fallback,0.338,True,False,1023,565,1,True
U1e893467,S3726e528fc,2,2026-09-07T22:26:06,mobile_app,text,business,How long is the security line right now?,security,security,0.862,False,True,1061,557,5,False
U1e893467,S3726e528fc,3,2026-09-07T22:27:07,mobile_app,voice,business,Where do I pick up my luggage? seriously?,baggage_claim,restroom,0.5,False,False,1335,568,1,True
U1e893467,S7e03a42168,0,2026-09-04T23:30:00,mobile_app,text,business,What time does flight LH123 depart?,flight_status,flight_status,0.841,False,True,1045,370,4,False
U1e893467,S7e03a42168,1,2026-09-04T23:31:11,mobile_app,image,business,Where is the smoking area?,smoking_area,smoking_area,0.761,False,True,1249,677,5,False
U1e893467,S7e03a42168,2,2026-09-04T23:32:16,mobile_app,voice,business,Is my flight delayed?,flight_status,flight_status,0.693,False,True,1279,604,5,False
U1e893467,S7e03a42168,3,2026-09-04T23:32:55,mobile_app,text,business,What time does boarding start for my flight?,boarding_time,boarding_time,0.99,False,True,512,273,5,False
U1e893467,S7e03a42168,4,2026-09-04T23:33:22,mobile_app,voice,business,Is there a baggage wrapping service?,baggage_wrapping,fallback,0.292,True,False,1516,737,1,False
Uf9e07810,Sb08a98af92,0,2026-09-01T21:35:00,mobile_app,image,first_time,Where is the transfer desk for connecting passengers?,transfer_desk,transfer_desk,0.559,False,True,1452,552,5,False
Uf9e07810,Sae8447ae84,0,2026-08-25T18:31:00,in_terminal_wifi,voice,first_time,"as I said I need to check in for my flight, where do I go?",check_in,check_in,0.561,False,True,1714,738,4,True
Uf9e07810,Sae8447ae84,1,2026-08-25T18:31:55,in_terminal_wifi,text,first_time,Where is the nearest information desk?,information_desk,information_desk,0.755,False,True,1014,508,4,False
Uf9e07810,Sae8447ae84,2,2026-08-25T18:33:03,in_terminal_wifi,image,first_time,Is there halal food available at the airport?,halal_food,halal_food,0.682,False,True,1046,449,5,False
Uf9e07810,Sae8447ae84,3,2026-08-25T18:33:33,in_terminal_wifi,text,first_time,Where is the check in desk for international flights?,check_in,baggage_drop,0.687,False,False,541,197,2,False
Uf9e07810,S8e65a9964c,0,2026-09-04T22:56:00,mobile_app,text,first_time,Where is the shuttle bus stop?,transport,transport,0.987,False,True,621,279,5,False
Uf9e07810,S8e65a9964c,1,2026-09-04T22:56:40,mobile_app,voice,first_time,Is there a play area for children?,kids_play_area,kids_play_area,0.807,False,True,2561,1406,5,False
Uf9e07810,S8e65a9964c,2,2026-09-04T22:58:03,mobile_app,text,first_time,Where can I eat before my flight?,restaurant,restaurant,0.876,False,True,707,408,4,False
Uf9e07810,S8e65a9964c,3,2026-09-04T22:58:37,mobile_app,voice,first_time,Where is the check in desk for international flights?,check_in,check_in,0.812,False,True,1618,597,5,False
Uf9e07810,Sdb26897d57,0,2026-09-01T02:30:00,kiosk,text,first_time,Do I need to declare anything at customs?,customs,customs,0.934,False,True,993,426,4,False
Uf9e07810,Sdb26897d57,1,2026-09-01T02:30:18,kiosk,image,first_time,"I have a connecting flight, where do I go?",transit_connection,find_gate,0.691,False,False,918,502,2,False
Uf9e07810,Sdb26897d57,2,2026-09-01T02:30:41,kiosk,text,first_time,Is there a play area for children?,kids_play_area,kids_play_area,0.804,False,True,784,395,4,False
Ue05775e4,S883c540bb1,0,2026-08-25T11:28:00,web,text,business,What time does flight LH123 depart?,flight_status,flight_status,0.728,False,True,625,319,5,False
Ue05775e4,S883c540bb1,1,2026-08-25T11:29:30,web,text,business,Where can I relax before my flight in terminal 2?,lounge,lounge,0.828,False,True,1126,402,5,False
Ue05775e4,S883c540bb1,2,2026-08-25T11:30:38,web,text,business,Do I need a visa to travel to Japan?,out_of_scope,fallback,0.684,True,False,1054,376,1,False
Ue05775e4,S883c540bb1,3,2026-08-25T11:31:05,web,text,business,Where can I find shops in the terminal?,shopping,shopping,0.789,False,True,786,400,5,False
Ue05775e4,S883c540bb1,4,2026-08-25T11:31:20,web,voice,business,Where is the nearest emergency exit?,emergency_exit,fallback,0.45,True,False,4496,2582,1,False
U6f0c0a1d,S09a58cacff,0,2026-09-02T05:42:00,in_terminal_wifi,voice,leisure,Where is gate C3?,find_gate,find_gate,0.739,False,True,1462,527,5,False
U6f0c0a1d,S44e60b658f,0,2026-08-28T01:47:00,web,image,leisure,Where can I find shops in the terminal?,shopping,shopping,0.722,False,True,2030,945,4,False
U6f0c0a1d,S44e60b658f,1,2026-08-28T01:47:22,web,text,leisure,"I need special assistance, I use a wheelchair.",special_assistance,fallback,0.404,True,False,479,259,1,False
U6f0c0a1d,S44e60b658f,2,2026-08-28T01:47:31,web,text,leisure,Where can I exchange money?,currency_exchange,currency_exchange,0.988,False,True,967,430,5,False
U6f0c0a1d,S44e60b658f,3,2026-08-28T01:48:15,web,text,leisure,Where is the check in desk for international flights?,check_in,check_in,0.717,False,True,711,422,5,False
U6f0c0a1d,S2ec06e59b1,0,2026-09-01T16:37:00,mobile_app,voice,leisure,Where is the nearest information desk? ugh,information_desk,information_desk,0.916,False,True,594,272,3,True
Uc4bd5f82,S5368e77c68,0,2026-08-28T15:44:00,kiosk,text,first_time,Where is security control?,security,security,0.79,False,True,674,255,5,False
Uc4bd5f82,S5368e77c68,1,2026-08-28T15:45:28,kiosk,text,first_time,Where can I exchange money?,currency_exchange,currency_exchange,0.721,False,True,616,354,5,False
Uc4bd5f82,S5368e77c68,2,2026-08-28T15:45:56,kiosk,text,first_time,Where is gate B12?,find_gate,find_gate,0.889,False,True,644,313,5,False
Uc4bd5f82,S5368e77c68,3,2026-08-28T15:46:06,kiosk,text,first_time,Can you tell me how to get to gate A5?,find_gate,find_gate,0.666,False,True,545,236,5,False
Uc4bd5f82,S5368e77c68,4,2026-08-28T15:47:05,kiosk,image,first_time,Where can I exchange money?,currency_exchange,currency_exchange,0.896,False,True,1526,686,4,False
Uc4bd5f82,S5368e77c68,5,2026-08-28T15:47:16,kiosk,text,first_time,Where is the check in desk for international flights?,check_in,check_in,0.769,False,True,1150,593,4,False
Uc4bd5f82,S3f7058a621,0,2026-08-29T09:51:00,kiosk,text,first_time,Where is the duty-free shop?,duty_free,duty_free,0.649,False,True,833,333,5,False
Uc4bd5f82,S3f7058a621,1,2026-08-29T09:51:19,kiosk,text,first_time,"again Where is the nearest restroom? for the third time,",restroom,restroom,0.863,False,True,575,297,3,True
Uc4bd5f82,S3f7058a621,2,2026-08-29T09:52:26,kiosk,image,first_time,Where is the nearest restroom?,restroom,restroom,0.832,False,True,1486,770,4,False
U854acf5d,Sab689612f3,0,2026-09-05T04:37:00,mobile_app,image,leisure,How do I get to baggage claim?,baggage_claim,baggage_claim,0.818,False,True,1686,862,5,False
U854acf5d,Sab689612f3,1,2026-09-05T04:37:25,mobile_app,text,leisure,Where is the nearest information desk?,information_desk,information_desk,0.554,False,True,596,251,4,False
U854acf5d,Sab689612f3,2,2026-09-05T04:38:22,mobile_app,text,leisure,Where can I eat before my flight?,restaurant,restaurant,0.799,False,True,1753,649,5,False
U854acf5d,Sab689612f3,3,2026-09-05T04:38:42,mobile_app,text,leisure,"I need medical assistance, where should I go?",medical_assistance,fallback,0.434,True,False,1371,715,2,False
U854acf5d,Sab689612f3,4,2026-09-05T04:38:51,mobile_app,image,leisure,Where do I go through passport control?,immigration,fallback,0.342,True,False,2656,1465,1,False
U6d2d0935,S6e7f6b2e19,0,2026-09-05T15:54:00,web,text,transit,Where can I relax before my flight in terminal 2?,lounge,lounge,0.895,False,True,281,164,5,False
U6d2d0935,S6e7f6b2e19,1,2026-09-05T15:55:23,web,text,transit,Where is the nearest emergency exit?,emergency_exit,emergency_exit,0.557,False,True,666,377,5,False
U6d2d0935,S6e7f6b2e19,2,2026-09-05T15:56:29,web,image,transit,Is there halal food available at the airport?,halal_food,coffee_shop,0.474,False,False,1047,371,2,False
U59b22f70,S9e63b9f45a,0,2026-09-05T06:34:00,mobile_app,text,family,Where is the nearest restroom?,restroom,restroom,0.866,False,True,795,415,4,False
U59b22f70,S9e63b9f45a,1,2026-09-05T06:34:39,mobile_app,image,family,Where is the transfer desk for connecting passengers?,transfer_desk,check_in,0.827,False,False,1280,642,2,False
U59b22f70,S9e63b9f45a,2,2026-09-05T06:36:08,mobile_app,text,family,Where can I find shops in the terminal?,shopping,shopping,0.628,False,True,703,291,5,False
U59b22f70,S9e63b9f45a,3,2026-09-05T06:36:26,mobile_app,text,family,Where can I take a shower?,shower_facility,shower_facility,0.861,False,True,1192,577,5,False
U59b22f70,S9e63b9f45a,4,2026-09-05T06:37:05,mobile_app,text,family,Where can I eat before my flight?,restaurant,coffee_shop,0.745,False,False,659,260,3,False
U29d8078e,S955771db2b,0,2026-09-01T02:08:00,mobile_app,text,family,again Where is gate B12? hello?? are you there,find_gate,find_gate,0.863,False,True,454,230,4,True
U29d8078e,S955771db2b,1,2026-09-01T02:08:50,mobile_app,text,family,Is there a play area for children?,kids_play_area,kids_play_area,0.679,False,True,592,275,5,False
U29d8078e,S955771db2b,2,2026-09-01T02:10:01,mobile_app,voice,family,Is there a family room for changing my baby?,family_room,family_room,0.717,False,True,1289,518,4,False
U29d8078e,S955771db2b,3,2026-09-01T02:11:16,mobile_app,text,family,Is there a shuttle to nearby hotels?,hotel_shuttle,information_desk,0.508,False,False,482,236,2,False
Ue586d03a,Sfd265218d3,0,2026-09-03T04:31:00,in_terminal_wifi,text,transit,Is there a lounge near terminal 2?,lounge,lost_and_found,0.812,False,False,917,519,2,False
Ue586d03a,Sfd265218d3,1,2026-09-03T04:31:59,in_terminal_wifi,text,transit,How much does airport parking cost?,parking,parking,0.872,False,True,1535,780,4,False
Ue586d03a,Sfd265218d3,2,2026-09-03T04:33:28,in_terminal_wifi,text,transit,Can you tell me how to get to gate A5?,find_gate,find_gate,0.663,False,True,388,179,5,False
Ue586d03a,Sfd265218d3,3,2026-09-03T04:33:58,in_terminal_wifi,text,transit,Where is gate C3?,find_gate,find_gate,0.918,False,True,436,258,4,False
Ue586d03a,Sfd265218d3,4,2026-09-03T04:34:58,in_terminal_wifi,text,transit,Where is the nearest coffee shop?,coffee_shop,coffee_shop,0.937,False,True,668,288,4,False
Ue586d03a,S215f5fbd3f,0,2026-09-04T07:23:00,web,text,transit,Where is the transfer desk for connecting passengers?,transfer_desk,transfer_desk,0.573,False,True,877,498,5,False
Ue586d03a,S215f5fbd3f,1,2026-09-04T07:23:30,web,text,transit,Where is the nearest information desk?,information_desk,information_desk,0.84,False,True,877,439,4,False
Ue586d03a,S215f5fbd3f,2,2026-09-04T07:24:08,web,image,transit,Where is the transfer desk for connecting passengers?,transfer_desk,transit_connection,0.532,False,False,1669,885,2,False
Ue586d03a,S215f5fbd3f,3,2026-09-04T07:24:24,web,text,transit,Where can I find an ATM?,atm,currency_exchange,0.713,False,False,391,206,3,False
Ue586d03a,S215f5fbd3f,4,2026-09-04T07:25:49,web,text,transit,Where can I eat before my flight?,restaurant,restaurant,0.72,False,True,1332,742,5,False
Ue586d03a,S215f5fbd3f,5,2026-09-04T07:26:02,web,text,transit,Where is gate B12?,find_gate,find_gate,0.647,False,True,708,375,3,True
Ue586d03a,Sb0e9ec1186,0,2026-08-28T20:13:00,mobile_app,text,transit,Where is the nearest emergency exit?,emergency_exit,information_desk,0.504,False,False,511,236,2,False
Ue586d03a,Sb0e9ec1186,1,2026-08-28T20:13:41,mobile_app,voice,transit,Is there a lounge near terminal 2?,lounge,lounge,0.66,False,True,3332,1635,5,False
Ue586d03a,S0e02209893,0,2026-09-04T01:19:00,web,text,transit,Where is gate B12?,find_gate,find_gate,0.84,False,True,872,354,4,False
Ue586d03a,S0e02209893,1,2026-09-04T01:19:35,web,text,transit,Where can I relax before my flight in terminal 2?,lounge,lounge,0.934,False,True,753,384,5,False
Ue586d03a,S758c97c9ac,0,2026-08-30T21:23:00,mobile_app,image,transit,Is there a hotel inside the airport?,hotel_airside,fallback,0.365,True,False,1062,623,1,False
Ue586d03a,Sb47f86abde,0,2026-08-27T13:38:00,mobile_app,voice,transit,"I need special assistance, I use a wheelchair.",special_assistance,fallback,0.424,True,False,1755,941,1,False
Ue586d03a,Sb47f86abde,1,2026-08-27T13:39:15,mobile_app,voice,transit,"I have a connecting flight, where do I go?",transit_connection,transfer_desk,0.476,False,False,2435,1017,2,False
Ue586d03a,Sb47f86abde,2,2026-08-27T13:40:31,mobile_app,text,transit,Where is the transfer desk for connecting passengers? just tell me,transfer_desk,transfer_desk,0.738,False,True,991,390,4,True
U835149a5,S2a64fe073f,0,2026-09-05T07:57:00,web,text,family,"I need special assistance, I use a wheelchair.",special_assistance,special_assistance,0.63,False,True,807,346,4,False
U835149a5,S2a64fe073f,1,2026-09-05T07:58:29,web,text,family,Where do I pick up my luggage?,baggage_claim,baggage_claim,0.772,False,True,581,274,5,False
U835149a5,S2a64fe073f,2,2026-09-05T07:59:49,web,text,family,Can I store my bags somewhere while I wait?,bag_storage,bag_storage,0.978,False,True,537,321,4,False
U835149a5,S2a64fe073f,3,2026-09-05T08:00:29,web,text,family,Where is the nearest restroom?,restroom,restroom,0.669,False,True,553,282,5,False
U835149a5,S2a64fe073f,4,2026-09-05T08:01:10,web,text,family,"I need special assistance, I use a wheelchair.",special_assistance,medical_assistance,0.526,False,False,1145,492,3,False
U835149a5,S2a64fe073f,5,2026-09-05T08:02:23,web,text,family,Is there a play area for children?,kids_play_area,kids_play_area,0.774,False,True,1309,570,5,False
U1179096f,S24b81da3f7,0,2026-08-28T11:19:00,mobile_app,text,business,Is there a lounge near terminal 2?,lounge,lounge,0.819,False,True,824,446,5,False
U1179096f,S24b81da3f7,1,2026-08-28T11:19:29,mobile_app,voice,business,"I have a connecting flight, where do I go?",transit_connection,find_gate,0.656,False,False,3401,1899,2,False
U1179096f,Sa75bc5a3ca,0,2026-08-31T04:20:00,mobile_app,text,business,Is there a play area for children?,kids_play_area,kids_play_area,0.722,False,True,921,354,4,False
U1179096f,Sa75bc5a3ca,1,2026-08-31T04:21:06,mobile_app,text,business,"I need special assistance, I use a wheelchair.",special_assistance,special_assistance,0.644,False,True,717,255,5,False
U1179096f,Sa75bc5a3ca,2,2026-08-31T04:22:08,mobile_app,text,business,Where is the transfer desk for connecting passengers?,transfer_desk,check_in,0.476,False,False,674,290,3,False
U1179096f,Sa75bc5a3ca,3,2026-08-31T04:23:17,mobile_app,voice,business,How do I connect to the airport Wi-Fi?,wifi,charging_station,0.816,False,False,2600,948,2,False
U1179096f,Sa75bc5a3ca,4,2026-08-31T04:23:32,mobile_app,text,business,Where is security control?,security,security,0.634,False,True,1313,699,5,False
U1179096f,Sa75bc5a3ca,5,2026-08-31T04:23:59,mobile_app,voice,business,"I have a connecting flight, where do I go?",transit_connection,transit_connection,0.638,False,True,1330,685,5,False
U1179096f,Sa75bc5a3ca,6,2026-08-31T04:25:18,mobile_app,text,business,Where can I relax before my flight in terminal 2?,lounge,lounge,0.99,False,True,798,428,4,False
U1179096f,S0f9ddbc0ef,0,2026-09-01T16:21:00,mobile_app,image,business,"I need to check in for my flight, where do I go?",check_in,shower_facility,0.771,False,False,2154,1201,3,False
U1179096f,S0f9ddbc0ef,1,2026-09-01T16:21:15,mobile_app,text,business,"I see an unattended bag, who do I report it to?",unattended_baggage,fallback,0.349,True,False,2498,1419,1,False
U1179096f,S0f9ddbc0ef,2,2026-09-01T16:22:04,mobile_app,text,business,Where is the transfer desk for connecting passengers?,transfer_desk,fallback,0.398,True,False,821,396,2,False
U1179096f,S0f9ddbc0ef,3,2026-09-01T16:23:17,mobile_app,text,business,"I have a connecting flight, where do I go?",transit_connection,boarding_time,0.516,False,False,765,320,2,False
U1179096f,S0f9ddbc0ef,4,2026-09-01T16:24:22,mobile_app,image,business,Where is the ride-hailing pickup zone?,uber_pickup,uber_pickup,0.842,False,True,1730,779,5,True
U1179096f,S0f9ddbc0ef,5,2026-09-01T16:25:07,mobile_app,voice,business,still Where can I find an ATM? seriously?,atm,atm,0.68,False,True,993,397,4,True
U1179096f,Sbe6f8aa9f5,0,2026-09-05T23:09:00,mobile_app,text,business,Where is gate B12?,find_gate,find_gate,0.883,False,True,316,136,4,False
U1179096f,Sbe6f8aa9f5,1,2026-09-05T23:09:48,mobile_app,voice,business,Where do I get a visa on arrival?,visa_on_arrival,customs,0.511,False,False,1997,1170,3,False
U1179096f,Sbe6f8aa9f5,2,2026-09-05T23:10:11,mobile_app,text,business,"I have a connecting flight, where do I go?",transit_connection,transit_connection,0.592,False,True,526,211,5,False
U1179096f,Sbe6f8aa9f5,3,2026-09-05T23:11:07,mobile_app,text,business,Where is the airport police station?,police_desk,police_desk,0.69,False,True,678,362,5,False
U2491c855,Sa7a629ce7c,0,2026-08-26T21:23:00,mobile_app,text,business,Where can I relax before my flight in terminal 2?,lounge,lounge,0.84,False,True,719,421,5,False
U2491c855,Sa7a629ce7c,1,2026-08-26T21:23:16,mobile_app,image,business,"I've lost my child, who do I contact?",lost_child,fallback,0.422,True,False,1608,888,1,False
U2491c855,Sa7a629ce7c,2,2026-08-26T21:24:24,mobile_app,image,business,Can I store my bags somewhere while I wait?,bag_storage,bag_storage,0.747,False,True,638,245,5,False
U2491c855,Sa7a629ce7c,3,2026-08-26T21:25:32,mobile_app,text,business,Where is the transfer desk for connecting passengers?,transfer_desk,transfer_desk,0.558,False,True,616,242,5,False
U2491c855,Sa7a629ce7c,4,2026-08-26T21:26:46,mobile_app,voice,business,How do I connect to the airport Wi-Fi?,wifi,wifi,0.788,False,True,1331,600,5,False
U2491c855,Sa7a629ce7c,5,2026-08-26T21:27:41,mobile_app,text,business,Where are the vending machines?,vending_machine,vending_machine,0.565,False,True,788,447,5,False
U2491c855,Sa7a629ce7c,6,2026-08-26T21:28:41,mobile_app,text,business,What time does boarding start for my flight?,boarding_time,boarding_time,0.701,False,True,573,210,5,False
U2491c855,S9c48df35f8,0,2026-09-02T19:08:00,mobile_app,voice,business,"I have a connecting flight, where do I go?",transit_connection,transit_connection,0.626,False,True,1638,824,4,False
U2491c855,S9c48df35f8,1,2026-09-02T19:08:20,mobile_app,voice,business,Is there a lounge near terminal 2?,lounge,lounge,0.665,False,True,870,335,5,False
U2491c855,S9c48df35f8,2,2026-09-02T19:08:38,mobile_app,voice,business,"I need special assistance, I use a wheelchair.",special_assistance,medical_assistance,0.457,False,False,2627,1222,2,False
U2491c855,S9c48df35f8,3,2026-09-02T19:10:01,mobile_app,voice,business,Is there a lounge near terminal 2?,lounge,lounge,0.939,False,True,1424,760,5,False
U2491c855,S9c48df35f8,4,2026-09-02T19:10:13,mobile_app,voice,business,Where is the transfer desk for connecting passengers?,transfer_desk,fallback,0.346,True,False,1447,510,1,True
U2491c855,Sa746176340,0,2026-09-04T23:25:00,mobile_app,text,business,Is there a play area for children?,kids_play_area,kids_play_area,0.711,False,True,542,324,4,False
U2491c855,Sa746176340,1,2026-09-04T23:25:31,mobile_app,voice,business,Is there a family room for changing my baby?,family_room,family_room,0.75,False,True,1397,670,4,False
U2491c855,Sa746176340,2,2026-09-04T23:25:47,mobile_app,text,business,Where is the transfer desk for connecting passengers?,transfer_desk,transfer_desk,0.698,False,True,788,300,5,False
U2491c855,Sa746176340,3,2026-09-04T23:26:39,mobile_app,text,business,Where is gate B12?,find_gate,parking,0.95,False,False,2391,953,2,False
U2491c855,Sa746176340,4,2026-09-04T23:27:15,mobile_app,text,business,"I need special assistance, I use a wheelchair.",special_assistance,information_desk,0.545,False,False,479,187,2,False
Ucb49f4bc,S0b82cea017,0,2026-09-03T12:53:00,web,text,leisure,"Where is the taxi pickup zone? for the third time,",transport,parking,0.531,False,False,589,337,2,True
Udbe23086,S4bed5abd64,0,2026-08-29T05:04:00,mobile_app,voice,family,Is there a family room for changing my baby?,family_room,family_room,0.657,False,True,3408,1893,4,False
U8620624e,Sa42d4d99a1,0,2026-09-03T11:15:00,mobile_app,text,family,Is there a rest area or sleep pods?,sleeping_area,sleeping_area,0.914,False,True,689,276,4,False
U8620624e,Sa42d4d99a1,1,2026-09-03T11:15:26,mobile_app,voice,family,Is there a restaurant open now near gate B12?,restaurant,restaurant,0.668,False,True,902,450,5,False
U8620624e,Sa42d4d99a1,2,2026-09-03T11:16:03,mobile_app,text,family,"I need medical assistance, where should I go?",medical_assistance,medical_assistance,0.69,False,True,1104,627,5,False
U8620624e,Sa42d4d99a1,3,2026-09-03T11:16:16,mobile_app,image,family,Where is the nearest information desk?,information_desk,information_desk,0.589,False,True,1754,993,5,False
Uef112eb9,S720c93bd19,0,2026-09-06T00:38:00,mobile_app,text,leisure,Where can I find shops in the terminal?,shopping,shopping,0.753,False,True,467,196,4,False
Uef112eb9,S720c93bd19,1,2026-09-06T00:38:43,mobile_app,voice,leisure,Can I smoke inside the terminal?,smoking_area,smoking_area,0.675,False,True,2582,1060,5,False
Uef112eb9,S720c93bd19,2,2026-09-06T00:39:54,mobile_app,text,leisure,Is there a currency exchange counter near departures?,currency_exchange,currency_exchange,0.949,False,True,877,420,4,False
Uef112eb9,S720c93bd19,3,2026-09-06T00:40:50,mobile_app,text,leisure,Is there a baggage wrapping service?,baggage_wrapping,baggage_wrapping,0.641,False,True,479,248,5,False
Uef112eb9,S2ec8cfc9ea,0,2026-09-05T06:22:00,mobile_app,text,leisure,Where is the airport police station?,police_desk,fallback,0.318,True,False,1220,664,2,False
Uef112eb9,S2ec8cfc9ea,1,2026-09-05T06:22:11,mobile_app,text,leisure,Is there a currency exchange counter near departures?,currency_exchange,currency_exchange,0.664,False,True,672,277,3,True
U0a1a4e60,Scb6c98c5de,0,2026-08-29T19:50:00,mobile_app,text,transit,How do I connect to the airport Wi-Fi?,wifi,wifi,0.859,False,True,1023,547,4,False
U0a1a4e60,Scb6c98c5de,1,2026-08-29T19:50:52,mobile_app,text,transit,"I need special assistance, I use a wheelchair.",special_assistance,information_desk,0.498,False,False,735,374,3,False
U0a1a4e60,Scb6c98c5de,2,2026-08-29T19:51:40,mobile_app,voice,transit,Where is the airport police station?,police_desk,police_desk,0.604,False,True,1501,827,4,False
U0a1a4e60,Scb6c98c5de,3,2026-08-29T19:52:34,mobile_app,image,transit,Where can I take a shower?,shower_facility,shower_facility,0.754,False,True,1560,817,4,False
U0a1a4e60,Scb6c98c5de,4,2026-08-29T19:53:07,mobile_app,voice,transit,"My battery is low, where do I find a socket?",charging_station,charging_station,0.731,False,True,1561,754,5,False
Ueb626912,S0de5d03309,0,2026-09-05T14:39:00,kiosk,text,leisure,Can you book a flight for me?,out_of_scope,fallback,0.799,True,False,1907,680,2,False
Ueb626912,S0de5d03309,1,2026-09-05T14:39:36,kiosk,image,leisure,again Where can I find shops in the terminal?,shopping,shopping,0.783,False,True,1720,841,4,True
Ueb626912,S0de5d03309,2,2026-09-05T14:40:56,kiosk,text,leisure,Where is the nearest coffee shop?,coffee_shop,coffee_shop,0.834,False,True,1548,830,4,False
U170200b7,Sf8c76b9b2c,0,2026-08-28T15:34:00,mobile_app,image,business,Where can I charge my phone?,charging_station,wifi,0.99,False,False,1463,686,2,False
U170200b7,S117742ce0c,0,2026-08-29T04:22:00,kiosk,image,business,"I need medical assistance, where should I go?",medical_assistance,fallback,0.341,True,False,2293,1053,1,False
U170200b7,S117742ce0c,1,2026-08-29T04:23:23,kiosk,image,business,Where do I go through passport control?,immigration,immigration,0.583,False,True,1987,727,4,False
U170200b7,S117742ce0c,2,2026-08-29T04:24:16,kiosk,text,business,How do I get to baggage claim?,baggage_claim,baggage_claim,0.847,False,True,426,249,5,False
U170200b7,S198867fb59,0,2026-09-03T03:43:00,mobile_app,text,business,Where is the transfer desk for connecting passengers?,transfer_desk,transfer_desk,0.632,False,True,823,443,5,False
U170200b7,S198867fb59,1,2026-09-03T03:44:23,mobile_app,image,business,Which bus goes to the city centre?,bus_stop,bus_stop,0.669,False,True,1010,398,4,False
U170200b7,S198867fb59,2,2026-09-03T03:44:54,mobile_app,image,business,Where is the baggage drop counter?,baggage_drop,baggage_drop,0.659,False,True,2061,1210,4,False
U170200b7,Sa7649ec15d,0,2026-09-01T03:30:00,kiosk,text,business,What time does boarding start for my flight?,boarding_time,boarding_time,0.904,False,True,847,344,5,False
U170200b7,Sa7649ec15d,1,2026-09-01T03:31:30,kiosk,text,business,Where can I pray at the airport?,prayer_room,prayer_room,0.822,False,True,479,187,5,False
U170200b7,Sa7649ec15d,2,2026-09-01T03:32:45,kiosk,text,business,Is there a left luggage facility?,bag_storage,bag_storage,0.862,False,True,913,461,5,False
U170200b7,Sa7649ec15d,3,2026-09-01T03:33:16,kiosk,image,business,Where can I relax before my flight in terminal 2?,lounge,lounge,0.929,False,True,1814,1033,5,False
Udef4b0ea,Sa8ad690c75,0,2026-09-01T05:39:00,mobile_app,text,family,Where do I pick up my luggage?,baggage_claim,baggage_claim,0.99,False,True,591,294,5,False
Udef4b0ea,Sa8ad690c75,1,2026-09-01T05:39:29,mobile_app,text,family,Where is the taxi pickup zone?,transport,transport,0.934,False,True,1093,488,4,False
U02b54f2e,S51f9a866fc,0,2026-08-28T16:09:00,mobile_app,text,transit,Do I need to declare anything at customs?,customs,customs,0.99,False,True,1167,653,4,False
U02b54f2e,S51f9a866fc,1,2026-08-28T16:09:20,mobile_app,text,transit,Where is the transfer desk for connecting passengers?,transfer_desk,fallback,0.401,True,False,544,208,1,False
U02b54f2e,S51f9a866fc,2,2026-08-28T16:09:53,mobile_app,voice,transit,again Can you tell me how to get to gate A5? why is this so hard,find_gate,find_gate,0.683,False,True,1298,776,4,True
U02b54f2e,S51f9a866fc,3,2026-08-28T16:10:37,mobile_app,voice,transit,Where can I take a shower?,shower_facility,lounge,0.726,False,False,1607,684,2,False
U02b54f2e,Sef9a7ca8e8,0,2026-09-08T02:55:00,web,text,transit,Where do I go through passport control?,immigration,immigration,0.634,False,True,523,299,5,False
U02b54f2e,Sef9a7ca8e8,1,2026-09-08T02:55:48,web,text,transit,Where do I drop off my checked bag?,baggage_drop,baggage_drop,0.99,False,True,422,159,5,False
U02b54f2e,Sef9a7ca8e8,2,2026-09-08T02:56:33,web,text,transit,Where can I find an ATM?,atm,currency_exchange,0.908,False,False,400,199,2,False
U02b54f2e,S16a8c507b3,0,2026-09-01T02:36:00,kiosk,image,transit,Where can I take a shower?,shower_facility,shower_facility,0.676,False,True,2901,1288,5,False
U02b54f2e,S16a8c507b3,1,2026-09-01T02:36:32,kiosk,text,transit,Where is the transfer desk for connecting passengers?,transfer_desk,transfer_desk,0.564,False,True,749,391,4,False
U02b54f2e,S16a8c507b3,2,2026-09-01T02:36:49,kiosk,text,transit,Where can I pray at the airport?,prayer_room,prayer_room,0.934,False,True,581,307,5,False
U02b54f2e,S16a8c507b3,3,2026-09-01T02:37:47,kiosk,text,transit,Where is gate B12?,find_gate,gate_change,0.521,False,False,413,165,3,False
U02b54f2e,S44d56d0bd0,0,2026-08-27T21:02:00,web,voice,transit,Where is the customs declaration desk?,customs,customs,0.771,False,True,1234,475,4,False
U02b54f2e,S44d56d0bd0,1,2026-08-27T21:03:24,web,text,transit,Where can I take a shower?,shower_facility,restroom,0.495,False,False,719,422,3,False
U02b54f2e,S44d56d0bd0,2,2026-08-27T21:03:54,web,text,transit,What time does flight LH123 depart?,flight_status,flight_status,0.785,False,True,1088,442,4,False
U02b54f2e,S6560295c8e,0,2026-09-01T05:55:00,web,text,transit,How much does airport parking cost?,parking,parking,0.904,False,True,636,307,4,False
U46f1475f,S0e34fe052d,0,2026-08-30T16:02:00,mobile_app,text,leisure,Is there a currency exchange counter near departures?,currency_exchange,currency_exchange,0.864,False,True,882,447,5,False
U46f1475f,S0e34fe052d,1,2026-08-30T16:03:20,mobile_app,text,leisure,Where is the nearest information desk?,information_desk,information_desk,0.881,False,True,514,276,4,False
U46f1475f,S0e34fe052d,2,2026-08-30T16:04:30,mobile_app,text,leisure,"I need medical assistance, where should I go?",medical_assistance,special_assistance,0.463,False,False,942,414,3,False
U46f1475f,S0e34fe052d,3,2026-08-30T16:04:56,mobile_app,voice,leisure,Where is the customs declaration desk?,customs,customs,0.876,False,True,1510,582,5,False
U46f1475f,S20d3212ed0,0,2026-09-07T12:25:00,kiosk,text,leisure,Where can I rent a car?,car_rental,car_rental,0.852,False,True,1037,457,4,False
U46f1475f,S20d3212ed0,1,2026-09-07T12:25:49,kiosk,text,leisure,Is there a restaurant open now near gate B12?,restaurant,restaurant,0.861,False,True,799,454,5,False
U46f1475f,S20d3212ed0,2,2026-09-07T12:27:16,kiosk,text,leisure,Can I buy perfume after security?,duty_free,duty_free,0.958,False,True,458,234,5,False
U46f1475f,S20d3212ed0,3,2026-09-07T12:28:02,kiosk,image,leisure,"I need special assistance, I use a wheelchair.",special_assistance,special_assistance,0.555,False,True,1466,570,5,False
Ucfd79c7b,S9089c032ba,0,2026-08-26T03:13:00,in_terminal_wifi,voice,business,Where is gate B12?,find_gate,find_gate,0.877,False,True,934,362,4,False
Ucfd79c7b,S32baf8e040,0,2026-08-27T20:20:00,kiosk,text,business,Is there a lounge near terminal 2?,lounge,lounge,0.69,False,True,764,432,5,False
Ucfd79c7b,S14659c5798,0,2026-08-30T11:47:00,mobile_app,text,business,"I have a connecting flight, where do I go?",transit_connection,transit_connection,0.617,False,True,676,253,4,False
Ucfd79c7b,S14659c5798,1,2026-08-30T11:48:19,mobile_app,image,business,Where is a power outlet in the terminal?,charging_station,charging_station,0.811,False,True,1556,927,4,False
Ucfd79c7b,S14659c5798,2,2026-08-30T11:48:58,mobile_app,voice,business,How do I connect to the airport Wi-Fi?,wifi,wifi,0.716,False,True,3291,1540,5,False
Ucfd79c7b,S14659c5798,3,2026-08-30T11:50:07,mobile_app,text,business,Where is a power outlet in the terminal?,charging_station,wifi,0.736,False,False,404,198,3,False
Ucfd79c7b,S9c265bcffc,0,2026-08-30T07:11:00,kiosk,text,business,"My battery is low, where do I find a socket?",charging_station,wifi,0.766,False,False,831,308,2,False
Ucfd79c7b,S9c265bcffc,1,2026-08-30T07:12:25,kiosk,text,business,How do I connect to the airport Wi-Fi?,wifi,charging_station,0.536,False,False,729,434,3,False
Ucfd79c7b,S9c265bcffc,2,2026-08-30T07:12:36,kiosk,image,business,Where can I relax before my flight in terminal 2?,lounge,lounge,0.864,False,True,1455,871,4,False
Ucfd79c7b,S553de20e3c,0,2026-08-25T09:55:00,mobile_app,voice,business,How do I connect to the airport Wi-Fi?,wifi,wifi,0.758,False,True,1527,800,5,False
Ucfd79c7b,S553de20e3c,1,2026-08-25T09:55:50,mobile_app,text,business,Is my flight delayed?,flight_status,find_gate,0.86,False,False,674,318,2,False
Ucfd79c7b,S553de20e3c,2,2026-08-25T09:56:32,mobile_app,text,business,again What time does boarding start for my flight? I already asked this,boarding_time,boarding_time,0.718,False,True,420,231,4,True
Ucfd79c7b,S553de20e3c,3,2026-08-25T09:56:51,mobile_app,text,business,"I have a connecting flight, where do I go?",transit_connection,transit_connection,0.6,False,True,632,320,4,False
Ucfd79c7b,S553de20e3c,4,2026-08-25T09:57:57,mobile_app,text,business,Where is security control? you're not helping,security,security,0.736,False,True,485,222,4,True
Ucfd79c7b,Se4f7872d41,0,2026-08-31T15:40:00,web,text,business,Is there a lounge near terminal 2?,lounge,lounge,0.936,False,True,1966,1111,5,False
Ucfd79c7b,Se4f7872d41,1,2026-08-31T15:41:04,web,text,business,Is there a USB charging point near the gates?,charging_station,charging_station,0.66,False,True,1022,406,4,False
Ucfd79c7b,Se4f7872d41,2,2026-08-31T15:41:27,web,text,business,Where can I find shops in the terminal?,shopping,currency_exchange,0.861,False,False,976,542,2,False
Uc033fe93,S0539e134c4,0,2026-08-29T14:48:00,in_terminal_wifi,text,first_time,"I need to check in for my flight, where do I go?",check_in,check_in,0.561,False,True,756,266,5,False
Uc033fe93,S0539e134c4,1,2026-08-29T14:48:19,in_terminal_wifi,voice,first_time,Where is the customs declaration desk?,customs,customs,0.57,False,True,1565,687,4,False
Uc033fe93,S0539e134c4,2,2026-08-29T14:49:28,in_terminal_wifi,text,first_time,Where is the nearest emergency exit?,emergency_exit,fallback,0.4,True,False,1060,479,2,False
Uc033fe93,S0539e134c4,3,2026-08-29T14:50:35,in_terminal_wifi,voice,first_time,Do I need to declare anything at customs? this is useless,customs,baggage_claim,0.921,False,False,2518,1121,1,True
Uc033fe93,S0539e134c4,4,2026-08-29T14:52:03,in_terminal_wifi,text,first_time,Which bus goes to the city centre?,bus_stop,bus_stop,0.617,False,True,952,426,5,False
Ub914f660,S6d498533c4,0,2026-08-27T14:53:00,web,text,transit,Where are the vending machines?,vending_machine,vending_machine,0.569,False,True,1096,566,5,False
Ub914f660,S6d498533c4,1,2026-08-27T14:53:53,web,text,transit,Where are the vending machines?,vending_machine,fallback,0.439,True,False,885,424,1,False
Ub914f660,S6d498533c4,2,2026-08-27T14:55:04,web,text,transit,Where is the transfer desk for connecting passengers?,transfer_desk,transfer_desk,0.653,False,True,753,287,4,False
Ub914f660,S6d498533c4,3,2026-08-27T14:55:48,web,text,transit,Where is gate B12?,find_gate,find_gate,0.846,False,True,832,384,5,False
Uaf9b5504,S3db8103cb8,0,2026-09-05T12:58:00,mobile_app,image,business,Where do I get a visa on arrival?,visa_on_arrival,fallback,0.435,True,False,1420,566,1,False
Uaf9b5504,S3db8103cb8,1,2026-09-05T12:58:24,mobile_app,voice,business,How do I connect to the airport Wi-Fi?,wifi,information_desk,0.523,False,False,1166,557,2,False
Uaf9b5504,S3db8103cb8,2,2026-09-05T12:58:44,mobile_app,text,business,What time does flight LH123 depart?,flight_status,flight_status,0.824,False,True,1462,777,4,False
Uaf9b5504,S3db8103cb8,3,2026-09-05T12:59:00,mobile_app,voice,business,Is there a play area for children?,kids_play_area,kids_play_area,0.785,False,True,1246,547,5,False
U5899e0bc,S29dee6df9b,0,2026-08-30T20:20:00,mobile_app,text,leisure,"I need medical assistance, where should I go?",medical_assistance,information_desk,0.628,False,False,468,257,2,False
U5899e0bc,S29dee6df9b,1,2026-08-30T20:20:44,mobile_app,text,leisure,Where can I exchange money?,currency_exchange,currency_exchange,0.741,False,True,798,285,5,False
U5899e0bc,S29dee6df9b,2,2026-08-30T20:22:14,mobile_app,text,leisure,Where is the nearest restroom?,restroom,restroom,0.563,False,True,869,327,4,False
U5899e0bc,S29dee6df9b,3,2026-08-30T20:22:57,mobile_app,text,leisure,Is there halal food available at the airport?,halal_food,fallback,0.438,True,False,789,279,1,False
U75381ce5,S880eede91a,0,2026-08-31T04:24:00,mobile_app,text,transit,Is there a restaurant open now near gate B12?,restaurant,restaurant,0.768,False,True,564,202,5,False
U75381ce5,S5b783ab74b,0,2026-08-27T20:04:00,web,text,transit,Where can I charge my phone?,charging_station,charging_station,0.791,False,True,1005,455,5,False
U75381ce5,S5b783ab74b,1,2026-08-27T20:04:16,web,text,transit,"I've lost my child, who do I contact?",lost_child,fallback,0.38,True,False,952,382,1,False
U75381ce5,S5b783ab74b,2,2026-08-27T20:04:44,web,image,transit,Is there a USB charging point near the gates? just tell me,charging_station,charging_station,0.765,False,True,1209,652,4,True
U75381ce5,S5b783ab74b,3,2026-08-27T20:05:11,web,text,transit,"I see an unattended bag, who do I report it to?",unattended_baggage,information_desk,0.5,False,False,1006,531,2,False
U75381ce5,Se6ce60f841,0,2026-09-03T06:13:00,mobile_app,text,transit,Where is the customs declaration desk?,customs,customs,0.791,False,True,825,418,5,False
U75381ce5,Se6ce60f841,1,2026-09-03T06:14:27,mobile_app,voice,transit,Where is the nearest emergency exit?,emergency_exit,information_desk,0.502,False,False,1621,931,3,False
U75381ce5,Se6ce60f841,2,2026-09-03T06:15:25,mobile_app,text,transit,Is there somewhere to charge my laptop?,charging_station,charging_station,0.981,False,True,800,357,5,False
U75381ce5,Se6ce60f841,3,2026-09-03T06:15:46,mobile_app,image,transit,Where can I take a shower?,shower_facility,shower_facility,0.836,False,True,958,531,4,False
Uc4b2db28,S763fb9af23,0,2026-09-07T13:13:00,mobile_app,text,first_time,Is there a currency exchange counter near departures?,currency_exchange,currency_exchange,0.813,False,True,579,345,5,False
Uc4b2db28,S763fb9af23,1,2026-09-07T13:14:25,mobile_app,image,first_time,Where is security control?,security,security,0.62,False,True,1420,508,5,False
U90160530,Sc7ab76e730,0,2026-08-25T14:28:00,mobile_app,voice,leisure,Where is gate B12?,find_gate,find_gate,0.781,False,True,1804,757,5,False
U90160530,Sc7ab76e730,1,2026-08-25T14:28:10,mobile_app,text,leisure,Where can I exchange money?,currency_exchange,currency_exchange,0.704,False,True,1425,783,4,False
U90160530,Sc7ab76e730,2,2026-08-25T14:28:44,mobile_app,voice,leisure,Which bus goes to the city centre?,bus_stop,bus_stop,0.963,False,True,1362,631,5,False
U90160530,S86517bd862,0,2026-08-26T03:36:00,mobile_app,voice,leisure,Is there a shuttle to nearby hotels?,hotel_shuttle,transport,0.515,False,False,1817,1077,2,False
U90160530,S86517bd862,1,2026-08-26T03:37:21,mobile_app,voice,leisure,Can I smoke inside the terminal?,smoking_area,lounge,0.652,False,False,1545,912,3,False
U90160530,S86517bd862,2,2026-08-26T03:37:53,mobile_app,text,leisure,Is there a currency exchange counter near departures?,currency_exchange,currency_exchange,0.99,False,True,739,390,4,False
U90160530,S86517bd862,3,2026-08-26T03:38:07,mobile_app,text,leisure,Do I need to declare anything at customs?,customs,customs,0.617,False,True,433,230,5,False
U90160530,S86517bd862,4,2026-08-26T03:39:24,mobile_app,voice,leisure,Which bus goes to the city centre?,bus_stop,bus_stop,0.718,False,True,1953,1011,5,False
U90160530,Sc58de22f3f,0,2026-08-31T07:38:00,mobile_app,text,leisure,Where can I exchange money?,currency_exchange,currency_exchange,0.974,False,True,584,347,4,False
U90160530,Sc58de22f3f,1,2026-08-31T07:38:26,mobile_app,text,leisure,Where can I get a luggage trolley?,luggage_trolley,luggage_trolley,0.774,False,True,310,169,4,False
Uccbbd752,Sfc81200158,0,2026-09-02T22:02:00,mobile_app,voice,transit,Can I buy perfume after security?,duty_free,coffee_shop,0.741,False,False,1523,741,2,False
U8a26273e,Sf3b2aa0bcf,0,2026-08-28T23:22:00,web,text,leisure,How do I connect to the airport Wi-Fi?,wifi,wifi,0.637,False,True,879,307,4,False
U8a26273e,Sf3b2aa0bcf,1,2026-08-28T23:23:12,web,text,leisure,Where are the self check-in kiosks?,self_checkin_kiosk,self_checkin_kiosk,0.71,False,True,559,328,5,False
U8a26273e,Sf3b2aa0bcf,2,2026-08-28T23:23:44,web,text,leisure,How do I get to baggage claim?,baggage_claim,baggage_claim,0.986,False,True,695,321,4,False
U1bc98ea9,S21111dc923,0,2026-09-06T00:19:00,mobile_app,voice,business,Where is gate C3?,find_gate,find_gate,0.857,False,True,2423,867,5,False
U1bc98ea9,S21111dc923,1,2026-09-06T00:19:48,mobile_app,text,business,Where is gate B12?,find_gate,find_gate,0.608,False,True,815,478,4,False
U98dc9974,S792f56d4bb,0,2026-09-06T07:30:00,in_terminal_wifi,text,transit,Where is the duty-free shop?,duty_free,duty_free,0.827,False,True,1421,846,5,False
U98dc9974,S792f56d4bb,1,2026-09-06T07:30:12,in_terminal_wifi,text,transit,Can you tell me how to get to gate A5?,find_gate,find_gate,0.731,False,True,704,268,5,False
U98dc9974,S7c3f0991cd,0,2026-09-01T07:32:00,in_terminal_wifi,voice,transit,Is there a lounge near terminal 2?,lounge,lounge,0.847,False,True,2234,879,5,False
U98dc9974,S7c3f0991cd,1,2026-09-01T07:33:05,in_terminal_wifi,text,transit,Where is gate B12?,find_gate,find_gate,0.793,False,True,996,410,5,False
U98dc9974,S7c3f0991cd,2,2026-09-01T07:34:02,in_terminal_wifi,voice,transit,Where can I take a shower?,shower_facility,shower_facility,0.824,False,True,1864,970,5,False
U98dc9974,S7c3f0991cd,3,2026-09-01T07:35:13,in_terminal_wifi,text,transit,Where is the customs declaration desk?,customs,customs,0.74,False,True,352,125,5,False
U98dc9974,Sc9be454e71,0,2026-08-26T03:33:00,web,text,transit,"I have a connecting flight, where do I go?",transit_connection,fallback,0.43,True,False,932,341,1,False
U98dc9974,Sc9be454e71,1,2026-08-26T03:33:41,web,text,transit,"I have a connecting flight, where do I go?",transit_connection,boarding_time,0.506,False,False,833,325,2,False
U98dc9974,Sc9be454e71,2,2026-08-26T03:35:02,web,text,transit,"Do I need to declare anything at customs? for the third time,",customs,customs,0.739,False,True,507,203,4,True
U98dc9974,S777dfab7c1,0,2026-08-25T16:03:00,web,text,transit,Where can I relax before my flight in terminal 2?,lounge,lounge,0.727,False,True,704,397,5,False
U98dc9974,S777dfab7c1,1,2026-08-25T16:03:35,web,text,transit,Where can I exchange money?,currency_exchange,currency_exchange,0.99,False,True,461,260,4,False
U98dc9974,S777dfab7c1,2,2026-08-25T16:03:52,web,text,transit,Is there somewhere to charge my laptop?,charging_station,charging_station,0.582,False,True,704,356,5,False
U98dc9974,S777dfab7c1,3,2026-08-25T16:04:52,web,text,transit,Where is the transfer desk for connecting passengers?,transfer_desk,transfer_desk,0.582,False,True,736,316,4,False
U98dc9974,S5dd9dbafff,0,2026-08-30T17:28:00,web,text,transit,Where can I take a shower?,shower_facility,shower_facility,0.671,False,True,740,369,4,False
U98dc9974,Sc2cc3f1dba,0,2026-09-03T05:26:00,mobile_app,text,transit,"I have a connecting flight, where do I go?",transit_connection,transit_connection,0.57,False,True,666,397,5,False
U98dc9974,Sc2cc3f1dba,1,2026-09-03T05:26:51,mobile_app,text,transit,Where is gate C3?,find_gate,gate_change,0.772,False,False,958,478,2,False
U98dc9974,Sc2cc3f1dba,2,2026-09-03T05:28:12,mobile_app,text,transit,"My phone is dead, where can I charge it?",charging_station,charging_station,0.753,False,True,669,339,5,False
U98dc9974,Sc2cc3f1dba,3,2026-09-03T05:28:54,mobile_app,voice,transit,"I have a connecting flight, where do I go?",transit_connection,transfer_desk,0.528,False,False,3614,1732,2,False
U5cdb8ea1,Sfd7729a3f8,0,2026-08-29T00:56:00,web,text,transit,"I need special assistance, I use a wheelchair.",special_assistance,medical_assistance,0.521,False,False,595,316,2,False
U5cdb8ea1,Sfd7729a3f8,1,2026-08-29T00:56:45,web,text,transit,Where can I pray at the airport?,prayer_room,prayer_room,0.784,False,True,574,236,4,False
U5cdb8ea1,Sfd7729a3f8,2,2026-08-29T00:57:54,web,image,transit,Where can I take a shower?,shower_facility,shower_facility,0.674,False,True,1452,865,5,False
U5cdb8ea1,Sfd7729a3f8,3,2026-08-29T00:58:02,web,text,transit,Which bus goes to the city centre?,bus_stop,bus_stop,0.774,False,True,1167,489,5,False
U5cdb8ea1,Sfd7729a3f8,4,2026-08-29T00:59:22,web,text,transit,Where do I go through passport control?,immigration,immigration,0.718,False,True,694,274,4,False
U5cdb8ea1,Sfd7729a3f8,5,2026-08-29T01:00:16,web,image,transit,Where can I take a shower?,shower_facility,shower_facility,0.819,False,True,1028,561,5,False
Uda45a43d,S5bb543dc7f,0,2026-09-03T06:00:00,web,text,business,Is there a rest area or sleep pods?,sleeping_area,sleeping_area,0.99,False,True,573,279,4,False
Uda45a43d,S5bb543dc7f,1,2026-09-03T06:00:38,web,text,business,Where is a power outlet in the terminal?,charging_station,charging_station,0.786,False,True,920,342,4,False
Uda45a43d,S5bb543dc7f,2,2026-09-03T06:02:04,web,text,business,How do I connect to the airport Wi-Fi?,wifi,wifi,0.621,False,True,591,296,5,False
Uda45a43d,S5bb543dc7f,3,2026-09-03T06:02:34,web,text,business,Where do I get a visa on arrival?,visa_on_arrival,visa_on_arrival,0.729,False,True,742,335,5,False
Uda45a43d,S5bb543dc7f,4,2026-09-03T06:03:38,web,text,business,Where is the nearest information desk? why is this so hard,information_desk,information_desk,0.99,False,True,380,165,4,True
Uda45a43d,S5bb543dc7f,5,2026-09-03T06:03:48,web,text,business,Is there a lounge near terminal 2?,lounge,lounge,0.906,False,True,489,267,4,False
Uda45a43d,S5bb543dc7f,6,2026-09-03T06:04:22,web,text,business,Where is the nearest coffee shop?,coffee_shop,coffee_shop,0.709,False,True,436,257,5,False
U79f9b109,S727f8b32f6,0,2026-09-06T05:24:00,mobile_app,text,leisure,Where do I pick up my luggage?,baggage_claim,baggage_claim,0.771,False,True,729,321,5,False
U79f9b109,S727f8b32f6,1,2026-09-06T05:24:41,mobile_app,text,leisure,Where is the nearest information desk?,information_desk,information_desk,0.925,False,True,492,265,5,False
Ucaae30ec,S80db5fd2a0,0,2026-09-02T06:16:00,web,image,transit,"My phone is dead, where can I charge it?",charging_station,charging_station,0.684,False,True,1457,570,5,False
Ucaae30ec,S80db5fd2a0,1,2026-09-02T06:16:16,web,text,transit,Where is the customs declaration desk?,customs,customs,0.933,False,True,512,200,5,False
Ucaae30ec,S80db5fd2a0,2,2026-09-02T06:16:26,web,text,transit,Where is the transfer desk for connecting passengers?,transfer_desk,water_fountain,0.54,False,False,647,286,2,False
Ucaae30ec,Sae76883b38,0,2026-08-28T05:20:00,in_terminal_wifi,voice,transit,Where is the transfer desk for connecting passengers?,transfer_desk,transit_connection,0.466,False,False,1626,622,2,False
U79189e32,Sde003ebdf1,0,2026-08-28T19:11:00,mobile_app,voice,transit,Where can I take a shower?,shower_facility,shower_facility,0.846,False,True,2456,1160,5,False
U79189e32,Sde003ebdf1,1,2026-08-28T19:11:58,mobile_app,voice,transit,Where can I relax before my flight in terminal 2?,lounge,lounge,0.903,False,True,2222,1114,4,False
U79189e32,Sde003ebdf1,2,2026-08-28T19:12:57,mobile_app,text,transit,Where can I take a shower?,shower_facility,shower_facility,0.701,False,True,922,391,4,False
U79189e32,Sde003ebdf1,3,2026-08-28T19:14:22,mobile_app,text,transit,"I have a connecting flight, where do I go?",transit_connection,transfer_desk,0.483,False,False,735,399,2,False
U79189e32,S7b38338065,0,2026-09-07T04:08:00,web,text,transit,Do I need to declare anything at customs?,customs,customs,0.738,False,True,470,208,5,False
U79189e32,S7b38338065,1,2026-09-07T04:08:34,web,text,transit,Where do I go through passport control?,immigration,immigration,0.826,False,True,962,429,5,False
U79189e32,S7b38338065,2,2026-09-07T04:09:37,web,text,transit,Where is the baggage drop counter?,baggage_drop,baggage_drop,0.864,False,True,1441,528,5,False
U79189e32,S478d3c6747,0,2026-08-27T05:06:00,in_terminal_wifi,text,transit,one more time Is there a family room for changing my baby? seriously?,family_room,family_room,0.97,False,True,717,343,4,True
U79189e32,S478d3c6747,1,2026-08-27T05:06:23,in_terminal_wifi,voice,transit,"I have a connecting flight, where do I go?",transit_connection,fallback,0.358,True,False,2717,1175,2,False
U79189e32,S478d3c6747,2,2026-08-27T05:07:27,in_terminal_wifi,text,transit,one more time Where can I take a shower? this is useless,shower_facility,shower_facility,0.99,False,True,553,220,5,True
U79189e32,S478d3c6747,3,2026-08-27T05:08:47,in_terminal_wifi,voice,transit,again Where is the customs declaration desk? why is this so hard,customs,customs,0.854,False,True,1277,739,4,True
U79189e32,S478d3c6747,4,2026-08-27T05:09:16,in_terminal_wifi,text,transit,"I have a connecting flight, where do I go?",transit_connection,medical_assistance,0.468,False,False,1446,851,2,False
Ua4daa8c2,Sedb73ab71a,0,2026-09-05T15:40:00,in_terminal_wifi,voice,transit,How long is the security line right now?,security,security,0.634,False,True,1713,948,4,False
Ua4daa8c2,Sedb73ab71a,1,2026-09-05T15:41:03,in_terminal_wifi,text,transit,Is there a play area for children?,kids_play_area,kids_play_area,0.679,False,True,718,297,4,False
Ued529522,Sf4899caf3b,0,2026-08-28T12:29:00,kiosk,image,transit,"I have a connecting flight, where do I go?",transit_connection,find_gate,0.464,False,False,904,457,2,False
Ued529522,Sf4899caf3b,1,2026-08-28T12:29:16,kiosk,image,transit,Can I smoke inside the terminal?,smoking_area,smoking_area,0.865,False,True,1676,599,5,False
U68b423b4,Sb5e5dab155,0,2026-09-01T17:37:00,kiosk,text,leisure,Is there a currency exchange counter near departures?,currency_exchange,currency_exchange,0.944,False,True,627,232,5,False
U68b423b4,Sb5e5dab155,1,2026-09-01T17:37:18,kiosk,voice,leisure,What time does boarding start for my flight?,boarding_time,boarding_time,0.835,False,True,2207,846,5,False
U68b423b4,Sb5e5dab155,2,2026-09-01T17:38:12,kiosk,image,leisure,Where is the airport police station?,police_desk,information_desk,0.511,False,False,1262,756,2,False
U68b423b4,Sb5e5dab155,3,2026-09-01T17:38:30,kiosk,text,leisure,How do I connect to the airport Wi-Fi?,wifi,wifi,0.854,False,True,598,252,4,False
Ub9f591fd,S3ef5b5243b,0,2026-09-02T00:54:00,mobile_app,voice,leisure,Is there a currency exchange counter near departures? why is this so hard,currency_exchange,currency_exchange,0.743,False,True,1408,671,4,True
Ub9f591fd,S3ef5b5243b,1,2026-09-02T00:54:45,mobile_app,voice,leisure,Where can I pray at the airport?,prayer_room,prayer_room,0.655,False,True,2202,886,4,False
Ub9f591fd,S3ef5b5243b,2,2026-09-02T00:55:52,mobile_app,text,leisure,Where is the check in desk for international flights?,check_in,check_in,0.96,False,True,918,386,5,False
U67df1c0d,S86dad62ecf,0,2026-08-31T18:07:00,web,text,transit,How do I get to the train station from the airport?,transport,transport,0.728,False,True,446,199,4,False
U67df1c0d,S86dad62ecf,1,2026-08-31T18:07:52,web,text,transit,Which bus goes to the city centre?,bus_stop,bus_stop,0.725,False,True,853,504,4,False
U67df1c0d,S86dad62ecf,2,2026-08-31T18:08:41,web,text,transit,Where do I go through passport control?,immigration,customs,0.544,False,False,424,158,2,False
U67df1c0d,S86dad62ecf,3,2026-08-31T18:09:31,web,image,transit,Is there somewhere to charge my laptop?,charging_station,charging_station,0.858,False,True,1285,507,5,False
U67df1c0d,S86dad62ecf,4,2026-08-31T18:09:43,web,text,transit,Where is the smoking area?,smoking_area,smoking_area,0.768,False,True,399,207,4,True
U67df1c0d,S00a4abedda,0,2026-09-02T23:39:00,mobile_app,text,transit,Where is the taxi pickup zone?,transport,transport,0.844,False,True,418,181,5,False
U67df1c0d,S00a4abedda,1,2026-09-02T23:40:00,mobile_app,image,transit,"I need medical assistance, where should I go?",medical_assistance,wifi,0.474,False,False,2020,823,2,False
U67df1c0d,S00a4abedda,2,2026-09-02T23:40:48,mobile_app,text,transit,Where is the transfer desk for connecting passengers?,transfer_desk,transit_connection,0.527,False,False,1532,621,3,False
U67df1c0d,S00a4abedda,3,2026-09-02T23:41:53,mobile_app,text,transit,Where is the customs declaration desk?,customs,customs,0.822,False,True,668,325,5,False
U9e48d5ef,Sdbe4a3cf72,0,2026-09-06T01:50:00,mobile_app,image,business,What time does boarding start for my flight?,boarding_time,boarding_time,0.932,False,True,2186,977,4,False
U9e48d5ef,Sdbe4a3cf72,1,2026-09-06T01:50:50,mobile_app,voice,business,Is there a USB charging point near the gates?,charging_station,charging_station,0.887,False,True,1690,908,5,False
U9e48d5ef,Sdbe4a3cf72,2,2026-09-06T01:51:31,mobile_app,text,business,Is there a USB charging point near the gates?,charging_station,charging_station,0.828,False,True,780,292,5,False
Ud7e99e6c,S33bd11a90a,0,2026-08-26T07:09:00,web,text,leisure,Where can I find an ATM?,atm,atm,0.652,False,True,982,373,5,False
Ud7e99e6c,S33bd11a90a,1,2026-08-26T07:10:16,web,text,leisure,Is there a hotel inside the airport?,hotel_airside,vending_machine,0.502,False,False,574,336,2,False
Ud7e99e6c,S33bd11a90a,2,2026-08-26T07:10:26,web,text,leisure,still Where is the transfer desk for connecting passengers? seriously?,transfer_desk,transit_connection,0.6,False,False,1442,790,2,True
Ud7e99e6c,S33bd11a90a,3,2026-08-26T07:11:29,web,text,leisure,What time does boarding start for my flight?,boarding_time,boarding_time,0.851,False,True,587,351,5,False
Ud7e99e6c,S33bd11a90a,4,2026-08-26T07:12:06,web,image,leisure,Where can I find shops in the terminal?,shopping,shopping,0.735,False,True,1157,417,4,False
Ud7e99e6c,S33bd11a90a,5,2026-08-26T07:13:11,web,text,leisure,Where is the nearest coffee shop?,coffee_shop,coffee_shop,0.99,False,True,777,439,5,False
U10a29533,S67ec8e4426,0,2026-09-06T08:37:00,web,text,first_time,Is there somewhere to charge my laptop?,charging_station,charging_station,0.99,False,True,725,298,5,False
Ub93e561d,S45fb5281ba,0,2026-08-25T14:42:00,kiosk,text,family,Where are the vending machines?,vending_machine,restaurant,0.544,False,False,1034,490,3,False
Ub93e561d,Sab1af54502,0,2026-08-29T15:11:00,mobile_app,image,family,Where can I eat before my flight?,restaurant,restaurant,0.928,False,True,1098,471,5,False
Ub93e561d,Sab1af54502,1,2026-08-29T15:11:23,mobile_app,text,family,Where can I exchange money?,currency_exchange,currency_exchange,0.787,False,True,588,316,5,False
Ub93e561d,Sab1af54502,2,2026-08-29T15:11:41,mobile_app,text,family,Where can I find shops in the terminal?,shopping,shopping,0.658,False,True,572,244,4,False
Ub93e561d,Se3d75aed81,0,2026-09-05T06:08:00,mobile_app,image,family,Where do I pick up my luggage?,baggage_claim,baggage_claim,0.732,False,True,1227,478,4,False
Ub93e561d,Se3d75aed81,1,2026-09-05T06:09:19,mobile_app,text,family,How do I get to the train station from the airport?,transport,transport,0.852,False,True,388,196,4,False
Ub93e561d,Se3d75aed81,2,2026-09-05T06:09:29,mobile_app,voice,family,Is there a play area for children?,kids_play_area,kids_play_area,0.897,False,True,2463,1030,5,False
Ub93e561d,Se3d75aed81,3,2026-09-05T06:10:01,mobile_app,text,family,"I lost my bag, where is lost and found?",lost_and_found,lost_and_found,0.825,False,True,535,241,5,False
Ub93e561d,Se3d75aed81,4,2026-09-05T06:11:24,mobile_app,voice,family,Where is the nearest information desk?,information_desk,information_desk,0.74,False,True,2646,1001,5,False
Ub93e561d,Se3d75aed81,5,2026-09-05T06:12:47,mobile_app,text,family,Where is the nearest emergency exit?,emergency_exit,currency_exchange,0.546,False,False,738,300,3,False
U14ea7cb4,S216d73d4e7,0,2026-09-04T17:08:00,web,text,first_time,Which bus goes to the city centre?,bus_stop,bus_stop,0.799,False,True,867,348,5,False
U14ea7cb4,S216d73d4e7,1,2026-09-04T17:08:26,web,text,first_time,"I need to check in for my flight, where do I go?",check_in,self_checkin_kiosk,0.902,False,False,929,415,2,False
U14ea7cb4,S216d73d4e7,2,2026-09-04T17:08:58,web,voice,first_time,"I need special assistance, I use a wheelchair.",special_assistance,fallback,0.437,True,False,3271,1351,1,False
U14ea7cb4,S216d73d4e7,3,2026-09-04T17:10:01,web,text,first_time,as I said Is there halal food available at the airport? come on,halal_food,halal_food,0.582,False,True,679,317,4,True
U14ea7cb4,S216d73d4e7,4,2026-09-04T17:11:16,web,text,first_time,How do I get to baggage claim?,baggage_claim,baggage_claim,0.99,False,True,661,310,4,False
U14ea7cb4,Sb08c99e63d,0,2026-09-01T09:01:00,web,image,first_time,Where is gate C3?,find_gate,find_gate,0.611,False,True,2062,990,5,False
U14ea7cb4,Sb08c99e63d,1,2026-09-01T09:01:20,web,text,first_time,Where can I exchange money?,currency_exchange,currency_exchange,0.881,False,True,423,228,4,False
U14ea7cb4,Sb08c99e63d,2,2026-09-01T09:02:39,web,text,first_time,Where is the transfer desk for connecting passengers?,transfer_desk,check_in,0.764,False,False,1777,767,2,False
U14ea7cb4,Sb08c99e63d,3,2026-09-01T09:03:57,web,text,first_time,Where is gate C3?,find_gate,find_gate,0.743,False,True,755,374,5,False
U7adadeef,Sc1dc4a553d,0,2026-09-03T23:36:00,mobile_app,text,first_time,one more time Where is the nearest emergency exit?,emergency_exit,fallback,0.371,True,False,612,280,1,True
U7adadeef,Sc1dc4a553d,1,2026-09-03T23:37:19,mobile_app,text,first_time,Can I store my bags somewhere while I wait?,bag_storage,bag_storage,0.792,False,True,861,390,4,False
U7adadeef,Sc1dc4a553d,2,2026-09-03T23:37:36,mobile_app,image,first_time,What time does boarding start for my flight?,boarding_time,boarding_time,0.598,False,True,1132,656,5,False
U7adadeef,Sc1dc4a553d,3,2026-09-03T23:38:36,mobile_app,text,first_time,Where is a power outlet in the terminal?,charging_station,charging_station,0.873,False,True,1423,715,5,False
U7adadeef,Sc1dc4a553d,4,2026-09-03T23:38:55,mobile_app,voice,first_time,Where are the self check-in kiosks? this is useless,self_checkin_kiosk,fallback,0.326,True,False,2045,1223,1,True
U7adadeef,Sc1dc4a553d,5,2026-09-03T23:39:55,mobile_app,text,first_time,How do I get to the train station from the airport?,transport,transport,0.758,False,True,689,301,5,False
Ub6911b52,Se427df3b45,0,2026-09-05T08:40:00,mobile_app,voice,first_time,Where is the check in desk for international flights?,check_in,check_in,0.682,False,True,1772,678,5,False
Ub6911b52,Sabf154dd37,0,2026-09-03T09:02:00,mobile_app,voice,first_time,"I need to check in for my flight, where do I go?",check_in,check_in,0.939,False,True,1006,561,5,False
Ub6911b52,Sabf154dd37,1,2026-09-03T09:02:28,mobile_app,text,first_time,Has my gate changed?,gate_change,fallback,0.446,True,False,1397,542,1,False
Ub6911b52,Sabf154dd37,2,2026-09-03T09:02:49,mobile_app,voice,first_time,Where is gate C3?,find_gate,find_gate,0.678,False,True,997,585,4,False
Ub6911b52,Sabf154dd37,3,2026-09-03T09:04:12,mobile_app,image,first_time,How do I get to the train station from the airport?,transport,transport,0.99,False,True,1247,684,4,False
Ub6911b52,Sabf154dd37,4,2026-09-03T09:04:55,mobile_app,voice,first_time,Where is the customs declaration desk?,customs,immigration,0.835,False,False,1202,699,3,False
Ub6911b52,Sabf154dd37,5,2026-09-03T09:06:17,mobile_app,voice,first_time,How do I get to baggage claim?,baggage_claim,baggage_claim,0.83,False,True,1411,745,4,False
U77b24d09,Scff3d0bcb9,0,2026-09-06T09:15:00,kiosk,text,first_time,Where can I find airport transport?,transport,transport,0.625,False,True,467,202,4,False
U77b24d09,Scff3d0bcb9,1,2026-09-06T09:15:25,kiosk,text,first_time,Is there a rest area or sleep pods?,sleeping_area,sleeping_area,0.798,False,True,841,313,4,False
U77b24d09,Scff3d0bcb9,2,2026-09-06T09:15:51,kiosk,text,first_time,How much does airport parking cost?,parking,parking,0.793,False,True,476,206,4,False
U77b24d09,Scff3d0bcb9,3,2026-09-06T09:16:03,kiosk,image,first_time,Where is security control?,security,fallback,0.438,True,False,1829,715,1,False
U77b24d09,Scff3d0bcb9,4,2026-09-06T09:17:32,kiosk,text,first_time,Where can I relax before my flight in terminal 2?,lounge,lounge,0.929,False,True,1645,721,4,True
U478d375a,S361990a99b,0,2026-09-03T01:18:00,mobile_app,text,business,Where is the transfer desk for connecting passengers?,transfer_desk,transfer_desk,0.739,False,True,1018,394,4,False
U478d375a,S361990a99b,1,2026-09-03T01:18:44,mobile_app,voice,business,Where can I relax before my flight in terminal 2?,lounge,lounge,0.731,False,True,1519,759,5,False
U478d375a,S361990a99b,2,2026-09-03T01:18:52,mobile_app,image,business,Where are the self check-in kiosks?,self_checkin_kiosk,fallback,0.387,True,False,2649,1195,1,False
U478d375a,S361990a99b,3,2026-09-03T01:20:12,mobile_app,text,business,Where can I rent a car?,car_rental,car_rental,0.805,False,True,681,291,5,False
U478d375a,Scd0484f9d8,0,2026-09-01T04:02:00,mobile_app,text,business,"I've lost my child, who do I contact?",lost_child,special_assistance,0.539,False,False,746,377,2,False
U478d375a,Scd0484f9d8,1,2026-09-01T04:03:29,mobile_app,image,business,How do I connect to the airport Wi-Fi?,wifi,wifi,0.719,False,True,1300,626,5,False
U478d375a,Scd0484f9d8,2,2026-09-01T04:04:48,mobile_app,voice,business,Where do I get a visa on arrival?,visa_on_arrival,fallback,0.421,True,False,2205,869,2,False
U478d375a,S9ed4a96068,0,2026-09-02T11:24:00,in_terminal_wifi,text,business,Where is security control?,security,security,0.744,False,True,479,254,5,False
U478d375a,S9ed4a96068,1,2026-09-02T11:25:14,in_terminal_wifi,voice,business,Is there a lounge near terminal 2?,lounge,lounge,0.745,False,True,1146,608,5,False
U478d375a,S9ed4a96068,2,2026-09-02T11:26:29,in_terminal_wifi,text,business,"I lost my bag, where is lost and found?",lost_and_found,information_desk,0.757,False,False,568,254,3,False
Ud894e57a,S8473443934,0,2026-09-07T06:11:00,mobile_app,text,family,Where can I eat before my flight?,restaurant,restaurant,0.869,False,True,1069,552,4,False
Ud894e57a,S8473443934,1,2026-09-07T06:12:08,mobile_app,text,family,Where is gate C3?,find_gate,find_gate,0.801,False,True,977,520,5,False
Ud894e57a,S7b261f6606,0,2026-09-02T10:53:00,web,text,family,Where can I refill my water bottle?,water_fountain,water_fountain,0.682,False,True,687,350,4,False
Ud894e57a,S7b261f6606,1,2026-09-02T10:53:45,web,image,family,Is there a family room for changing my baby?,family_room,family_room,0.864,False,True,846,482,5,False
Ud894e57a,S31f9674d5b,0,2026-08-27T08:05:00,mobile_app,voice,family,"I've lost my child, who do I contact?",lost_child,lost_child,0.581,False,True,1898,963,5,False
Ud894e57a,S31f9674d5b,1,2026-08-27T08:05:33,mobile_app,text,family,Is there a play area for children?,kids_play_area,lost_child,0.533,False,False,253,127,3,False
Ud894e57a,S31f9674d5b,2,2026-08-27T08:06:45,mobile_app,image,family,"I lost my bag, where is lost and found?",lost_and_found,parking,0.707,False,False,1237,435,2,False
Ud894e57a,S31f9674d5b,3,2026-08-27T08:07:16,mobile_app,text,family,"again Is there a family room for changing my baby? for the third time,",family_room,family_room,0.879,False,True,477,226,4,True
Ud894e57a,S31f9674d5b,4,2026-08-27T08:08:00,mobile_app,voice,family,Where can I take a shower? this is useless,shower_facility,lounge,0.908,False,False,2496,1378,2,True
Ud894e57a,S09bf9f6492,0,2026-08-26T22:18:00,web,voice,family,Is there a play area for children?,kids_play_area,kids_play_area,0.879,False,True,1774,716,4,False
Ud894e57a,S09bf9f6492,1,2026-08-26T22:19:25,web,text,family,"I've lost my child, who do I contact?",lost_child,fallback,0.447,True,False,1132,607,1,False
Ud894e57a,S09bf9f6492,2,2026-08-26T22:20:10,web,text,family,Where can I rent a car?,car_rental,information_desk,0.853,False,False,594,266,3,False
Ud894e57a,S09bf9f6492,3,2026-08-26T22:21:13,web,text,family,Where are the vending machines?,vending_machine,restaurant,0.496,False,False,721,262,3,False
Ueb61fb20,Seeb2600bc9,0,2026-09-07T05:24:00,web,text,family,Where is the nearest coffee shop?,coffee_shop,coffee_shop,0.735,False,True,1240,450,5,False
Ueb61fb20,Seeb2600bc9,1,2026-09-07T05:25:03,web,text,family,Is there a play area for children?,kids_play_area,kids_play_area,0.929,False,True,406,207,5,False
U29788d56,S1476a59b4e,0,2026-09-07T13:18:00,web,image,leisure,Is there a currency exchange counter near departures?,currency_exchange,currency_exchange,0.746,False,True,1162,657,5,False
U29788d56,S1476a59b4e,1,2026-09-07T13:19:18,web,text,leisure,Where is the nearest restroom?,restroom,restroom,0.751,False,True,839,439,4,False
U29788d56,S1476a59b4e,2,2026-09-07T13:20:43,web,text,leisure,Where can I find shops in the terminal?,shopping,duty_free,0.706,False,False,754,451,2,False
U491ed438,S00e4508525,0,2026-09-05T23:39:00,web,text,leisure,How much does airport parking cost?,parking,parking,0.776,False,True,506,271,4,False
U491ed438,S00e4508525,1,2026-09-05T23:40:06,web,text,leisure,What time does boarding start for my flight?,boarding_time,boarding_time,0.948,False,True,1193,647,4,False
U491ed438,S00e4508525,2,2026-09-05T23:40:53,web,text,leisure,Where is the nearest information desk?,information_desk,information_desk,0.78,False,True,1236,681,5,False
U491ed438,S00e4508525,3,2026-09-05T23:41:29,web,text,leisure,Where is the duty-free shop?,duty_free,duty_free,0.94,False,True,686,321,4,False
U491ed438,S00e4508525,4,2026-09-05T23:42:27,web,text,leisure,Where is the pharmacy?,pharmacy,medical_assistance,0.474,False,False,808,483,3,False
U6ed99996,Sf47d1ea2af,0,2026-09-03T16:41:00,web,image,business,"My phone is dead, where can I charge it?",charging_station,charging_station,0.99,False,True,2722,1556,4,False
U6ed99996,Sf47d1ea2af,1,2026-09-03T16:41:23,web,image,business,How do I connect to the airport Wi-Fi?,wifi,wifi,0.663,False,True,1151,445,5,False
U6ed99996,Sf47d1ea2af,2,2026-09-03T16:42:05,web,text,business,What time does boarding start for my flight?,boarding_time,boarding_time,0.67,False,True,1326,469,5,False
U6ed99996,Sf47d1ea2af,3,2026-09-03T16:43:14,web,text,business,Where is the transfer desk for connecting passengers?,transfer_desk,transfer_desk,0.67,False,True,390,161,5,False
U6ed99996,S20bf3ee07c,0,2026-08-31T22:09:00,in_terminal_wifi,voice,business,Where is the duty-free shop?,duty_free,duty_free,0.707,False,True,2410,1296,5,False
U6ed99996,S20bf3ee07c,1,2026-08-31T22:09:08,in_terminal_wifi,voice,business,Where can I find an ATM?,atm,atm,0.698,False,True,622,235,5,False
U6ed99996,S20bf3ee07c,2,2026-08-31T22:10:05,in_terminal_wifi,text,business,Is there a lounge near terminal 2?,lounge,lounge,0.712,False,True,420,211,5,False
Uc83056cb,Sd0c31807d3,0,2026-09-05T15:03:00,mobile_app,voice,leisure,Has my gate changed?,gate_change,gate_change,0.585,False,True,1184,523,5,False
Uc83056cb,Sd0c31807d3,1,2026-09-05T15:04:29,mobile_app,text,leisure,Do I need to declare anything at customs?,customs,customs,0.792,False,True,669,391,5,False
Uc83056cb,Sd0c31807d3,2,2026-09-05T15:04:54,mobile_app,voice,leisure,Is there a restaurant open now near gate B12?,restaurant,restaurant,0.706,False,True,1803,957,5,False
Uc83056cb,Sd0c31807d3,3,2026-09-05T15:06:02,mobile_app,image,leisure,Where is the transfer desk for connecting passengers?,transfer_desk,check_in,0.643,False,False,1299,624,3,False
Uc8d97975,S2036e1ac58,0,2026-08-28T11:29:00,web,text,transit,"I see an unattended bag, who do I report it to?",unattended_baggage,unattended_baggage,0.831,False,True,998,465,4,False
Uc8d97975,S2036e1ac58,1,2026-08-28T11:29:18,web,text,transit,Where is the nearest information desk?,information_desk,information_desk,0.99,False,True,721,387,5,False
Uc8d97975,S2036e1ac58,2,2026-08-28T11:29:56,web,image,transit,Where is the transfer desk for connecting passengers?,transfer_desk,information_desk,0.51,False,False,1874,745,2,False
Uc8d97975,S2036e1ac58,3,2026-08-28T11:31:01,web,text,transit,Where can I rent a car?,car_rental,car_rental,0.793,False,True,955,428,5,False
Uf964f111,S2484d59de2,0,2026-08-31T13:18:00,mobile_app,text,leisure,Can you book a flight for me?,out_of_scope,fallback,0.845,True,False,1328,765,1,False
Uf964f111,S2484d59de2,1,2026-08-31T13:19:11,mobile_app,text,leisure,Is there a restaurant open now near gate B12?,restaurant,restaurant,0.761,False,True,463,265,4,False
Uf964f111,S2484d59de2,2,2026-08-31T13:20:34,mobile_app,text,leisure,Is there a hotel inside the airport?,hotel_airside,sleeping_area,0.485,False,False,603,329,2,False
Uf964f111,S2484d59de2,3,2026-08-31T13:21:59,mobile_app,voice,leisure,Is my flight delayed?,flight_status,flight_status,0.951,False,True,817,459,4,False
Uaa93cc63,Sb4ca4884a9,0,2026-08-31T05:21:00,mobile_app,text,family,Where are the vending machines?,vending_machine,vending_machine,0.748,False,True,860,403,5,False
Uaa93cc63,Sb4ca4884a9,1,2026-08-31T05:21:15,mobile_app,image,family,Where is the nearest information desk?,information_desk,information_desk,0.791,False,True,1910,848,5,False
Uaa93cc63,Sb4ca4884a9,2,2026-08-31T05:21:41,mobile_app,image,family,Where is the baggage drop counter?,baggage_drop,baggage_drop,0.8,False,True,2412,1253,5,False
Uaa93cc63,Sb4ca4884a9,3,2026-08-31T05:22:35,mobile_app,text,family,Is there a left luggage facility?,bag_storage,bag_storage,0.99,False,True,694,376,5,False
U12aa8c43,Sf83a5afda3,0,2026-08-31T19:48:00,mobile_app,text,leisure,Where can I relax before my flight in terminal 2?,lounge,lounge,0.646,False,True,531,301,4,False
U9a7ddd9e,S6043e8f152,0,2026-09-07T15:51:00,mobile_app,voice,family,Where do I pick up my luggage?,baggage_claim,baggage_claim,0.737,False,True,980,559,5,False
U9a7ddd9e,S6043e8f152,1,2026-09-07T15:51:51,mobile_app,voice,family,"I need special assistance, I use a wheelchair.",special_assistance,special_assistance,0.551,False,True,1509,734,5,False
U9a7ddd9e,S6043e8f152,2,2026-09-07T15:52:57,mobile_app,voice,family,Where are the vending machines?,vending_machine,vending_machine,0.661,False,True,1833,860,4,False
U7d137799,S6dec67e47f,0,2026-09-03T19:17:00,mobile_app,text,leisure,Can you tell me how to get to gate A5?,find_gate,find_gate,0.676,False,True,509,197,4,False
U7d137799,S6dec67e47f,1,2026-09-03T19:18:27,mobile_app,text,leisure,Where is the nearest information desk?,information_desk,information_desk,0.796,False,True,982,391,5,False
U7d137799,S6dec67e47f,2,2026-09-03T19:18:39,mobile_app,text,leisure,Where is security control?,security,security,0.818,False,True,726,374,4,False
U7d137799,S8b14ed8dc3,0,2026-08-31T17:46:00,mobile_app,voice,leisure,Where do I check in oversized luggage?,oversized_baggage,flight_status,0.463,False,False,1576,650,2,False
U99575af8,Se9be39a5b0,0,2026-08-31T00:18:00,mobile_app,text,leisure,"I need to check in for my flight, where do I go?",check_in,check_in,0.99,False,True,627,366,5,False
U99575af8,Se9be39a5b0,1,2026-08-31T00:19:17,mobile_app,image,leisure,"I see an unattended bag, who do I report it to?",unattended_baggage,fallback,0.436,True,False,2017,1049,2,False
U99575af8,Se9be39a5b0,2,2026-08-31T00:20:06,mobile_app,voice,leisure,"I need to check in for my flight, where do I go?",check_in,check_in,0.712,False,True,735,431,5,False
U99575af8,Se9be39a5b0,3,2026-08-31T00:20:42,mobile_app,text,leisure,Where can I find shops in the terminal?,shopping,shopping,0.806,False,True,1133,501,4,True
U99575af8,Se9be39a5b0,4,2026-08-31T00:20:53,mobile_app,text,leisure,one more time Where is the ride-hailing pickup zone?,uber_pickup,uber_pickup,0.81,False,True,1037,364,4,True
U8cbf7369,Sb4673dc87d,0,2026-09-02T23:04:00,web,text,business,Where can I refill my water bottle?,water_fountain,fallback,0.413,True,False,1079,441,2,False
U8cbf7369,Sb4673dc87d,1,2026-09-02T23:04:12,web,text,business,What time does boarding start for my flight?,boarding_time,boarding_time,0.726,False,True,545,235,5,False
U8cbf7369,Sb4673dc87d,2,2026-09-02T23:04:33,web,text,business,Where is the duty-free shop?,duty_free,duty_free,0.759,False,True,622,224,4,False
U8cbf7369,Sb4673dc87d,3,2026-09-02T23:06:00,web,voice,business,Where is gate C3?,find_gate,find_gate,0.865,False,True,1443,536,5,False
U8cbf7369,Sb4673dc87d,4,2026-09-02T23:06:53,web,text,business,"My battery is low, where do I find a socket?",charging_station,fallback,0.41,True,False,824,439,1,False
U8cbf7369,S9ea357a6d3,0,2026-08-25T13:23:00,mobile_app,image,business,Where can I rent a car?,car_rental,transport,0.547,False,False,1193,648,2,False
U8cbf7369,S9ea357a6d3,1,2026-08-25T13:24:01,mobile_app,text,business,What time does boarding start for my flight?,boarding_time,boarding_time,0.726,False,True,513,217,5,False
U8cbf7369,S9ea357a6d3,2,2026-08-25T13:24:30,mobile_app,voice,business,"My battery is low, where do I find a socket?",charging_station,fallback,0.418,True,False,2148,978,1,False
U8cbf7369,S9ea357a6d3,3,2026-08-25T13:25:24,mobile_app,text,business,again Where is the transfer desk for connecting passengers?,transfer_desk,fallback,0.406,True,False,1185,513,1,True
Udfb60780,S31cd298619,0,2026-08-27T14:23:00,mobile_app,text,first_time,Where can I find airport transport?,transport,transport,0.698,False,True,804,282,5,False
Udfb60780,S31cd298619,1,2026-08-27T14:23:51,mobile_app,text,first_time,Is there a shuttle to nearby hotels?,hotel_shuttle,transport,0.465,False,False,558,248,3,False
Udfb60780,S91e89a783c,0,2026-08-27T20:54:00,web,image,first_time,Where is the nearest restroom?,restroom,restroom,0.553,False,True,1897,837,5,False
Udfb60780,S91e89a783c,1,2026-08-27T20:55:13,web,text,first_time,Where can I refill my water bottle?,water_fountain,water_fountain,0.561,False,True,1111,612,4,False
Udfb60780,Scaac1ac7bf,0,2026-09-06T08:47:00,web,text,first_time,Where can I rent a car?,car_rental,car_rental,0.99,False,True,673,359,5,False
Udfb60780,Scaac1ac7bf,1,2026-09-06T08:47:19,web,text,first_time,one more time Where is the nearest information desk? you're not helping,information_desk,information_desk,0.739,False,True,746,294,4,True
Udfb60780,Scaac1ac7bf,2,2026-09-06T08:48:11,web,text,first_time,Is there a shuttle to nearby hotels?,hotel_shuttle,information_desk,0.486,False,False,443,259,3,False
Udfb60780,Scaac1ac7bf,3,2026-09-06T08:49:00,web,text,first_time,"I need to check in for my flight, where do I go?",check_in,check_in,0.916,False,True,392,175,4,False
Udfb60780,Scaac1ac7bf,4,2026-09-06T08:50:18,web,text,first_time,"I need special assistance, I use a wheelchair. just tell me",special_assistance,medical_assistance,0.486,False,False,1160,686,1,True
Udfb60780,Scaac1ac7bf,5,2026-09-06T08:50:29,web,text,first_time,Do I need to declare anything at customs?,customs,customs,0.682,False,True,596,327,5,False
U725f7d4d,S915cd68909,0,2026-08-27T12:57:00,web,text,first_time,Where is the check in desk for international flights?,check_in,check_in,0.794,False,True,572,217,5,False
U725f7d4d,S915cd68909,1,2026-08-27T12:58:30,web,text,first_time,Where is gate B12?,find_gate,find_gate,0.785,False,True,597,294,5,False
U725f7d4d,S915cd68909,2,2026-08-27T12:59:11,web,text,first_time,Where is the smoking area?,smoking_area,smoking_area,0.955,False,True,652,368,4,False
Uc32b1b62,Saf88c6e36b,0,2026-08-27T06:21:00,mobile_app,image,leisure,Where can I exchange money?,currency_exchange,currency_exchange,0.636,False,True,1457,560,4,False
Uc32b1b62,Saf88c6e36b,1,2026-08-27T06:22:19,mobile_app,text,leisure,Where do I get picked up by Uber?,uber_pickup,uber_pickup,0.606,False,True,737,404,4,False
Uc32b1b62,Saf88c6e36b,2,2026-08-27T06:23:17,mobile_app,voice,leisure,Where is the nearest restroom?,restroom,restroom,0.833,False,True,1764,1031,4,False
Uc32b1b62,Saf88c6e36b,3,2026-08-27T06:24:24,mobile_app,text,leisure,Where is the nearest information desk?,information_desk,information_desk,0.765,False,True,604,344,4,False
U15f0adde,Sf9ec935635,0,2026-08-25T06:12:00,web,text,business,Can I buy perfume after security?,duty_free,duty_free,0.856,False,True,1349,527,5,False
U15f0adde,Sf9ec935635,1,2026-08-25T06:12:34,web,text,business,"I have a connecting flight, where do I go?",transit_connection,transit_connection,0.598,False,True,687,300,5,False
U15f0adde,Sf9ec935635,2,2026-08-25T06:12:45,web,text,business,What time does boarding start for my flight?,boarding_time,boarding_time,0.662,False,True,1035,511,4,False
U15f0adde,Sf9ec935635,3,2026-08-25T06:13:53,web,text,business,What time does boarding start for my flight?,boarding_time,boarding_time,0.656,False,True,735,295,5,False
U15f0adde,Sf9ec935635,4,2026-08-25T06:14:16,web,image,business,"I have a connecting flight, where do I go?",transit_connection,boarding_time,0.566,False,False,848,315,2,False
U15f0adde,Sf9ec935635,5,2026-08-25T06:14:38,web,text,business,Is my flight delayed?,flight_status,flight_status,0.85,False,True,697,405,5,False
U15f0adde,Sf9ec935635,6,2026-08-25T06:15:42,web,text,business,How do I connect to the airport Wi-Fi? seriously?,wifi,wifi,0.646,False,True,746,294,4,True
U15f0adde,Sf9ec935635,7,2026-08-25T06:16:28,web,text,business,Where is the transfer desk for connecting passengers? ugh,transfer_desk,transfer_desk,0.559,False,True,553,194,4,True
U9cc8bf64,S527cca6b4b,0,2026-08-27T05:53:00,mobile_app,text,leisure,Where can I find shops in the terminal?,shopping,shopping,0.99,False,True,290,148,5,False
U9cc8bf64,S527cca6b4b,1,2026-08-27T05:53:35,mobile_app,voice,leisure,Where can I eat before my flight?,restaurant,restaurant,0.84,False,True,1705,790,4,False
U9cc8bf64,S527cca6b4b,2,2026-08-27T05:54:01,mobile_app,text,leisure,Is there a currency exchange counter near departures?,currency_exchange,currency_exchange,0.752,False,True,935,387,5,False
U9cc8bf64,S527cca6b4b,3,2026-08-27T05:54:18,mobile_app,voice,leisure,Is there a rest area or sleep pods?,sleeping_area,sleeping_area,0.93,False,True,1220,476,5,False
U9cc8bf64,S527cca6b4b,4,2026-08-27T05:54:55,mobile_app,text,leisure,Where is the nearest information desk?,information_desk,information_desk,0.904,False,True,1119,455,5,False
U9cc8bf64,S0bf7cb87c7,0,2026-09-03T01:57:00,web,text,leisure,What time does boarding start for my flight?,boarding_time,boarding_time,0.887,False,True,692,285,5,False
U9cc8bf64,S0bf7cb87c7,1,2026-09-03T01:57:23,web,text,leisure,Is there a left luggage facility?,bag_storage,bag_storage,0.725,False,True,768,350,4,False
U9cc8bf64,S0bf7cb87c7,2,2026-09-03T01:58:10,web,text,leisure,How much does airport parking cost?,parking,parking,0.644,False,True,530,249,5,False
U9cc8bf64,S537817f6a6,0,2026-09-01T18:00:00,kiosk,text,leisure,What time does boarding start for my flight?,boarding_time,boarding_time,0.846,False,True,395,178,5,False
U9cc8bf64,S537817f6a6,1,2026-09-01T18:00:37,kiosk,text,leisure,What time does boarding start for my flight?,boarding_time,boarding_time,0.636,False,True,670,236,5,False
U9cc8bf64,S537817f6a6,2,2026-09-01T18:00:57,kiosk,text,leisure,Where is security control?,security,security,0.756,False,True,783,312,4,False
U9cc8bf64,S537817f6a6,3,2026-09-01T18:01:10,kiosk,text,leisure,Where is gate C3?,find_gate,find_gate,0.692,False,True,809,459,5,False
U9cc8bf64,S537817f6a6,4,2026-09-01T18:02:04,kiosk,image,leisure,Where are the vending machines?,vending_machine,fallback,0.43,True,False,1897,931,1,False
U9cc8bf64,Sa7182863b9,0,2026-09-04T16:28:00,kiosk,text,leisure,Where is gate B12?,find_gate,find_gate,0.819,False,True,801,435,5,False
U9cc8bf64,Sa7182863b9,1,2026-09-04T16:29:25,kiosk,image,leisure,Can I buy perfume after security?,duty_free,duty_free,0.78,False,True,1972,905,4,False
U9cc8bf64,Sa7182863b9,2,2026-09-04T16:29:52,kiosk,text,leisure,"as I said What time does boarding start for my flight? for the third time,",boarding_time,boarding_time,0.597,False,True,664,336,5,True
U9cc8bf64,Sa8efdf29d2,0,2026-09-06T08:03:00,web,text,leisure,Has my gate changed? ugh,gate_change,fallback,0.29,True,False,1205,668,1,True
U9cc8bf64,Sa8efdf29d2,1,2026-09-06T08:04:20,web,voice,leisure,Where is the nearest restroom?,restroom,restroom,0.609,False,True,1330,700,5,False
U9cc8bf64,Sa8efdf29d2,2,2026-09-06T08:05:08,web,text,leisure,Where is the nearest restroom?,restroom,restroom,0.711,False,True,564,326,4,False
U9cc8bf64,Sa8efdf29d2,3,2026-09-06T08:06:33,web,text,leisure,Where is the nearest information desk?,information_desk,information_desk,0.739,False,True,469,259,4,False
U9cc8bf64,Sa8efdf29d2,4,2026-09-06T08:07:29,web,text,leisure,Where can I get a luggage trolley?,luggage_trolley,oversized_baggage,0.76,False,False,1161,478,2,False
U9cc8bf64,Sa8efdf29d2,5,2026-09-06T08:07:59,web,text,leisure,Where is the nearest restroom?,restroom,restroom,0.835,False,True,1963,905,4,False
U9cc8bf64,S53931e5c93,0,2026-08-29T10:56:00,kiosk,text,leisure,Where can I eat before my flight?,restaurant,restaurant,0.97,False,True,597,222,5,False
U19d4e947,S683105733e,0,2026-09-05T02:40:00,web,text,family,"I need special assistance, I use a wheelchair.",special_assistance,information_desk,0.783,False,False,826,380,2,False
U19d4e947,S683105733e,1,2026-09-05T02:40:10,web,text,family,Where is the nearest restroom?,restroom,family_room,0.602,False,False,386,208,2,False
U19d4e947,S683105733e,2,2026-09-05T02:41:15,web,image,family,Where do I get picked up by Uber?,uber_pickup,uber_pickup,0.842,False,True,909,417,5,False
U19d4e947,S2b05912c1f,0,2026-08-25T13:34:00,mobile_app,text,family,Is there a play area for children?,kids_play_area,kids_play_area,0.859,False,True,1102,410,5,False
U19d4e947,S2b05912c1f,1,2026-08-25T13:35:30,mobile_app,image,family,Where can I eat before my flight?,restaurant,restaurant,0.639,False,True,1302,749,4,False
U19d4e947,S2b05912c1f,2,2026-08-25T13:35:57,mobile_app,voice,family,Where is the nearest information desk?,information_desk,information_desk,0.686,False,True,1805,791,5,False
U19d4e947,S2b05912c1f,3,2026-08-25T13:36:20,mobile_app,voice,family,Is there a family room for changing my baby?,family_room,family_room,0.791,False,True,1146,540,4,False
U19d4e947,S2b05912c1f,4,2026-08-25T13:37:38,mobile_app,text,family,"I've lost my child, who do I contact?",lost_child,lost_and_found,0.521,False,False,1016,518,2,False
U19d4e947,S1271443a5f,0,2026-09-03T18:44:00,mobile_app,text,family,Where do I go through passport control?,immigration,fallback,0.375,True,False,802,383,2,False
U9d8c83b7,Se46829640e,0,2026-08-26T17:09:00,web,text,leisure,"I've lost my child, who do I contact?",lost_child,lost_child,0.786,False,True,984,485,5,False
U9d8c83b7,Se46829640e,1,2026-08-26T17:09:36,web,text,leisure,Is there a currency exchange counter near departures?,currency_exchange,currency_exchange,0.792,False,True,579,346,5,False
U9d8c83b7,Se46829640e,2,2026-08-26T17:10:51,web,text,leisure,Is my flight delayed?,flight_status,flight_status,0.957,False,True,2302,870,5,False
U9d8c83b7,Se46829640e,3,2026-08-26T17:11:30,web,text,leisure,Where is the nearest emergency exit?,emergency_exit,fallback,0.371,True,False,706,374,2,False
U9d8c83b7,Se46829640e,4,2026-08-26T17:11:38,web,image,leisure,Can I buy perfume after security?,duty_free,duty_free,0.832,False,True,940,512,5,False
U9d8c83b7,Se46829640e,5,2026-08-26T17:11:48,web,text,leisure,"as I said I need special assistance, I use a wheelchair. just tell me",special_assistance,special_assistance,0.742,False,True,627,342,4,True
U88db5ea7,S302e4ee180,0,2026-09-02T04:04:00,web,text,leisure,Where is the nearest restroom?,restroom,restroom,0.812,False,True,1135,643,5,False
U88db5ea7,S302e4ee180,1,2026-09-02T04:05:07,web,text,leisure,Where can I find shops in the terminal?,shopping,shopping,0.768,False,True,235,128,4,False
U69ef0b92,S6f48fac48e,0,2026-09-04T17:16:00,mobile_app,voice,transit,Where can I relax before my flight in terminal 2?,lounge,lounge,0.713,False,True,1226,584,5,False
U69ef0b92,S63aec2c8eb,0,2026-08-26T15:21:00,kiosk,text,transit,Where is the transfer desk for connecting passengers?,transfer_desk,fallback,0.374,True,False,939,342,1,False
U969690e4,S6d8771ef24,0,2026-09-05T06:22:00,in_terminal_wifi,voice,business,Is there a shuttle to nearby hotels?,hotel_shuttle,hotel_shuttle,0.579,False,True,1419,748,5,False
U969690e4,S6d8771ef24,1,2026-09-05T06:22:24,in_terminal_wifi,text,business,What time does boarding start for my flight?,boarding_time,boarding_time,0.744,False,True,1116,474,4,False
U969690e4,S6d8771ef24,2,2026-09-05T06:22:49,in_terminal_wifi,image,business,Where is gate B12?,find_gate,find_gate,0.683,False,True,1051,595,5,False
U969690e4,S6d8771ef24,3,2026-09-05T06:24:08,in_terminal_wifi,text,business,Where is the airport police station?,police_desk,information_desk,0.46,False,False,867,490,3,False
U969690e4,S6d8771ef24,4,2026-09-05T06:25:18,in_terminal_wifi,text,business,Where is the transfer desk for connecting passengers?,transfer_desk,check_in,0.506,False,False,658,266,3,False
U969690e4,S39c6bc54e4,0,2026-08-25T18:08:00,web,text,business,Is there a family room for changing my baby?,family_room,family_room,0.99,False,True,850,446,5,False
U969690e4,S39c6bc54e4,1,2026-08-25T18:08:14,web,text,business,What time does boarding start for my flight?,boarding_time,smoking_area,0.732,False,False,604,255,2,False
U969690e4,S39c6bc54e4,2,2026-08-25T18:09:19,web,image,business,Has my gate changed?,gate_change,gate_change,0.579,False,True,1640,601,5,False
U969690e4,S39c6bc54e4,3,2026-08-25T18:09:30,web,text,business,What time does boarding start for my flight?,boarding_time,boarding_time,0.806,False,True,629,229,4,False
U969690e4,S726cc9ae23,0,2026-09-02T17:30:00,mobile_app,image,business,Where can I take a shower?,shower_facility,shower_facility,0.95,False,True,2237,1231,5,False
U969690e4,S726cc9ae23,1,2026-09-02T17:31:05,mobile_app,voice,business,Is there a USB charging point near the gates?,charging_station,charging_station,0.741,False,True,1371,517,5,False
U969690e4,S726cc9ae23,2,2026-09-02T17:31:34,mobile_app,text,business,What time does boarding start for my flight?,boarding_time,boarding_time,0.847,False,True,1320,747,4,False
U969690e4,S075a1ddf5a,0,2026-09-08T01:10:00,web,text,business,Is my flight delayed?,flight_status,flight_status,0.717,False,True,715,384,5,False
U969690e4,Sece11f89e1,0,2026-08-31T13:19:00,web,text,business,Where is security control?,security,security,0.627,False,True,826,436,5,False
U969690e4,Sece11f89e1,1,2026-08-31T13:20:05,web,text,business,Where is gate C3?,find_gate,find_gate,0.796,False,True,600,332,4,False
U969690e4,S8483334dc3,0,2026-08-31T11:15:00,in_terminal_wifi,text,business,Where is security control?,security,security,0.672,False,True,532,208,4,False
U969690e4,S8483334dc3,1,2026-08-31T11:15:17,in_terminal_wifi,text,business,Where can I find airport transport?,transport,transport,0.97,False,True,761,274,4,False
Ua8412804,S5b4187e679,0,2026-09-06T12:20:00,mobile_app,text,family,Is there a restaurant open now near gate B12?,restaurant,restaurant,0.923,False,True,1081,611,5,False
Ua8412804,S5b4187e679,1,2026-09-06T12:21:29,mobile_app,text,family,Where can I eat before my flight?,restaurant,restaurant,0.838,False,True,482,176,5,False
Ua8412804,S5b4187e679,2,2026-09-06T12:22:31,mobile_app,text,family,Where is gate B12?,find_gate,gate_change,0.813,False,False,1603,705,2,False
Ua8412804,S5b4187e679,3,2026-09-06T12:22:47,mobile_app,voice,family,Where is the nearest information desk?,information_desk,information_desk,0.904,False,True,1924,789,3,True
Ua8412804,S3164864314,0,2026-09-02T21:42:00,web,text,family,Where is the nearest information desk?,information_desk,information_desk,0.969,False,True,767,327,4,False
Ua8412804,S3164864314,1,2026-09-02T21:42:48,web,text,family,Is there a play area for children?,kids_play_area,kids_play_area,0.849,False,True,638,360,5,False
Ua8412804,S3164864314,2,2026-09-02T21:44:12,web,image,family,"I've lost my child, who do I contact?",lost_child,lost_child,0.727,False,True,2310,1183,4,False
Ue4fb399a,Sc58b3ef337,0,2026-09-06T08:09:00,mobile_app,text,transit,Where is security control?,security,security,0.767,False,True,294,140,4,False
Ue4fb399a,Sc58b3ef337,1,2026-09-06T08:10:13,mobile_app,voice,transit,"I have a connecting flight, where do I go?",transit_connection,fallback,0.412,True,False,2104,857,1,False
Ue4fb399a,Sc58b3ef337,2,2026-09-06T08:10:21,mobile_app,voice,transit,Is there a left luggage facility?,bag_storage,bag_storage,0.741,False,True,1776,995,5,False
Ue4fb399a,Sc58b3ef337,3,2026-09-06T08:11:45,mobile_app,voice,transit,Where are the self check-in kiosks?,self_checkin_kiosk,check_in,0.534,False,False,1119,417,2,False
Ue4fb399a,Sc58b3ef337,4,2026-09-06T08:12:00,mobile_app,text,transit,"I have a connecting flight, where do I go?",transit_connection,transit_connection,0.66,False,True,669,319,4,False
Ue4fb399a,Sc58b3ef337,5,2026-09-06T08:12:14,mobile_app,text,transit,"as I said I need special assistance, I use a wheelchair.",special_assistance,special_assistance,0.592,False,True,409,163,4,True
Ue4fb399a,Sc58b3ef337,6,2026-09-06T08:12:24,mobile_app,voice,transit,Where do I go through passport control?,immigration,customs,0.459,False,False,1545,827,3,False
Ue4fb399a,Sc58b3ef337,7,2026-09-06T08:13:20,mobile_app,text,transit,again Is there a hotel inside the airport?,hotel_airside,hotel_airside,0.732,False,True,784,444,4,True
Ud6dcf097,S625cd46ba4,0,2026-08-28T14:00:00,mobile_app,text,family,Where are the self check-in kiosks?,self_checkin_kiosk,information_desk,0.684,False,False,977,527,3,False
Ud6dcf097,S625cd46ba4,1,2026-08-28T14:01:03,mobile_app,text,family,Where is the nearest information desk?,information_desk,information_desk,0.84,False,True,471,183,4,False
Ud6dcf097,S625cd46ba4,2,2026-08-28T14:02:28,mobile_app,text,family,Is there a play area for children?,kids_play_area,kids_play_area,0.833,False,True,1065,501,5,False
Ud6dcf097,S625cd46ba4,3,2026-08-28T14:03:54,mobile_app,text,family,Where do I pick up my luggage?,baggage_claim,baggage_claim,0.814,False,True,642,297,5,False
Ud6dcf097,S6a1bbfbc95,0,2026-08-27T05:05:00,web,text,family,Where is the nearest restroom?,restroom,restroom,0.99,False,True,701,395,5,False
Ud6dcf097,S6a1bbfbc95,1,2026-08-27T05:06:21,web,text,family,Is there a shuttle to nearby hotels?,hotel_shuttle,hotel_shuttle,0.67,False,True,872,368,5,False
Ud6dcf097,S6a1bbfbc95,2,2026-08-27T05:06:40,web,text,family,Is there a restaurant open now near gate B12?,restaurant,restaurant,0.913,False,True,1129,630,5,False
Ud6dcf097,S6a1bbfbc95,3,2026-08-27T05:07:58,web,text,family,Where is the nearest coffee shop?,coffee_shop,coffee_shop,0.792,False,True,520,225,5,False
Ud6dcf097,S6a1bbfbc95,4,2026-08-27T05:09:21,web,text,family,Where do I pick up my luggage?,baggage_claim,baggage_claim,0.99,False,True,436,164,5,False
Ud6dcf097,S6a1bbfbc95,5,2026-08-27T05:10:39,web,text,family,Is there a shuttle to nearby hotels?,hotel_shuttle,fallback,0.323,True,False,1090,538,1,False
U11c20311,Se71ce9057e,0,2026-09-05T23:01:00,kiosk,text,business,How do I connect to the airport Wi-Fi?,wifi,wifi,0.763,False,True,612,246,5,False
U11c20311,Se71ce9057e,1,2026-09-05T23:01:25,kiosk,image,business,Where is gate C3?,find_gate,gate_change,0.739,False,False,1309,617,2,False
U11c20311,Se71ce9057e,2,2026-09-05T23:02:39,kiosk,text,business,Where is a power outlet in the terminal? seriously?,charging_station,charging_station,0.802,False,True,570,311,4,True
U11c20311,S5b29d19d7d,0,2026-08-25T07:07:00,web,image,business,Where is the parking garage?,parking,parking,0.602,False,True,870,397,4,False
U11c20311,S5b29d19d7d,1,2026-08-25T07:07:13,web,text,business,Where is the transfer desk for connecting passengers?,transfer_desk,information_desk,0.463,False,False,787,366,2,False
U11c20311,S5b29d19d7d,2,2026-08-25T07:08:16,web,text,business,Where is the airport police station?,police_desk,police_desk,0.688,False,True,743,392,4,False
U11c20311,Sc792d07941,0,2026-09-06T23:33:00,web,text,business,"I've lost my child, who do I contact?",lost_child,fallback,0.335,True,False,754,352,1,False
U11c20311,Sc792d07941,1,2026-09-06T23:33:22,web,text,business,Is there a hotel inside the airport?,hotel_airside,lounge,0.495,False,False,624,251,3,False
U11c20311,Sc792d07941,2,2026-09-06T23:33:39,web,text,business,one more time Where is the baggage drop counter?,baggage_drop,baggage_drop,0.938,False,True,1208,661,4,True
U11c20311,Sfd3a0c6e81,0,2026-09-07T12:21:00,web,text,business,"I have a connecting flight, where do I go?",transit_connection,fallback,0.43,True,False,962,444,1,False
U11c20311,Sfd3a0c6e81,1,2026-09-07T12:22:23,web,image,business,Where can I get a luggage trolley?,luggage_trolley,baggage_claim,0.588,False,False,1206,699,3,False
U11c20311,Sfd3a0c6e81,2,2026-09-07T12:23:51,web,text,business,How do I connect to the airport Wi-Fi?,wifi,wifi,0.949,False,True,588,213,4,False
U11c20311,Sfd3a0c6e81,3,2026-09-07T12:24:45,web,text,business,Is there a play area for children?,kids_play_area,kids_play_area,0.853,False,True,805,470,4,True
U11c20311,Sfd3a0c6e81,4,2026-09-07T12:25:34,web,text,business,Where can I rent a car?,car_rental,car_rental,0.76,False,True,428,160,5,False
U11c20311,Sfd3a0c6e81,5,2026-09-07T12:26:46,web,text,business,How do I connect to the airport Wi-Fi?,wifi,hotel_shuttle,0.849,False,False,530,276,2,False
U11c20311,Sfd3a0c6e81,6,2026-09-07T12:27:16,web,text,business,"My phone is dead, where can I charge it?",charging_station,charging_station,0.796,False,True,528,184,5,False
U8a58b965,S9c9a90036b,0,2026-09-06T23:22:00,in_terminal_wifi,text,leisure,Where can I find shops in the terminal?,shopping,shopping,0.888,False,True,996,527,5,False
U8a58b965,S9c9a90036b,1,2026-09-06T23:22:31,in_terminal_wifi,text,leisure,Can I smoke inside the terminal?,smoking_area,smoking_area,0.874,False,True,940,431,4,False
U8a58b965,S9c9a90036b,2,2026-09-06T23:22:44,in_terminal_wifi,text,leisure,"I see an unattended bag, who do I report it to?",unattended_baggage,unattended_baggage,0.568,False,True,426,228,5,False
U8a58b965,S9c9a90036b,3,2026-09-06T23:23:38,in_terminal_wifi,image,leisure,still Where is the airport police station?,police_desk,information_desk,0.544,False,False,1349,704,2,True
U8a58b965,S05d31cf8c5,0,2026-08-27T06:56:00,mobile_app,image,leisure,"I need medical assistance, where should I go?",medical_assistance,information_desk,0.546,False,False,2797,1671,2,False
U8a58b965,S05d31cf8c5,1,2026-08-27T06:56:51,mobile_app,voice,leisure,Where can I take a shower?,shower_facility,shower_facility,0.829,False,True,2417,873,4,False
U8a58b965,S05d31cf8c5,2,2026-08-27T06:57:48,mobile_app,text,leisure,What time does boarding start for my flight?,boarding_time,flight_status,0.719,False,False,365,202,3,False
U8a58b965,S05d31cf8c5,3,2026-08-27T06:58:03,mobile_app,text,leisure,What time does boarding start for my flight?,boarding_time,boarding_time,0.733,False,True,813,310,4,False
U8ecd8825,S303075d0e6,0,2026-09-04T03:23:00,mobile_app,text,transit,"I have a connecting flight, where do I go?",transit_connection,fallback,0.446,True,False,1311,572,2,False
U8ecd8825,S303075d0e6,1,2026-09-04T03:23:09,mobile_app,text,transit,as I said Where can I rent a car? ugh,car_rental,car_rental,0.824,False,True,724,367,4,True
U8ecd8825,S303075d0e6,2,2026-09-04T03:24:30,mobile_app,text,transit,"Where can I take a shower? for the third time,",shower_facility,shower_facility,0.845,False,True,549,225,4,True
U8ecd8825,S170e48db69,0,2026-09-02T22:58:00,mobile_app,text,transit,Where do I go through passport control?,immigration,immigration,0.799,False,True,783,455,5,False
U8ecd8825,S170e48db69,1,2026-09-02T22:58:44,mobile_app,text,transit,"I have a connecting flight, where do I go?",transit_connection,find_gate,0.614,False,False,598,234,2,False
U8ecd8825,S170e48db69,2,2026-09-02T23:00:07,mobile_app,text,transit,Can I smoke inside the terminal?,smoking_area,smoking_area,0.751,False,True,858,490,5,False
Ud4137c01,S3907590b4d,0,2026-08-29T19:29:00,mobile_app,voice,leisure,Is there a rest area or sleep pods?,sleeping_area,sleeping_area,0.944,False,True,2817,990,5,False
U8a57a17d,Sd5aa167931,0,2026-08-27T01:50:00,web,text,business,Is there a restaurant open now near gate B12?,restaurant,restaurant,0.99,False,True,1006,524,5,False
U8a57a17d,Sd5aa167931,1,2026-08-27T01:51:20,web,text,business,What time does boarding start for my flight?,boarding_time,boarding_time,0.717,False,True,541,200,5,False
U8a57a17d,Sd5aa167931,2,2026-08-27T01:52:43,web,text,business,"I have a connecting flight, where do I go?",transit_connection,fallback,0.236,True,False,1272,459,2,False
U8a57a17d,Sd5aa167931,3,2026-08-27T01:52:57,web,text,business,Where is the transfer desk for connecting passengers?,transfer_desk,transfer_desk,0.635,False,True,871,351,4,False
U8a57a17d,Sd5aa167931,4,2026-08-27T01:54:15,web,text,business,How do I connect to the airport Wi-Fi?,wifi,wifi,0.968,False,True,1383,591,4,False
U8a57a17d,Sd5aa167931,5,2026-08-27T01:54:29,web,image,business,How long is the security line right now?,security,security,0.99,False,True,2034,1024,5,False
U10e11828,S2fe9e47831,0,2026-08-28T09:42:00,mobile_app,text,leisure,What time does boarding start for my flight?,boarding_time,flight_status,0.806,False,False,1745,862,2,False
U10e11828,S2fe9e47831,1,2026-08-28T09:42:33,mobile_app,voice,leisure,Is there a restaurant open now near gate B12?,restaurant,restaurant,0.742,False,True,927,359,5,False
U10e11828,S2fe9e47831,2,2026-08-28T09:42:57,mobile_app,text,leisure,Where is the check in desk for international flights?,check_in,check_in,0.99,False,True,962,383,5,False
U10e11828,S2fe9e47831,3,2026-08-28T09:43:21,mobile_app,text,leisure,Is there a shuttle to nearby hotels?,hotel_shuttle,hotel_shuttle,0.643,False,True,581,318,5,False
Uce19bb4b,S10e34bfebd,0,2026-08-31T23:06:00,mobile_app,text,family,"I need medical assistance, where should I go?",medical_assistance,medical_assistance,0.57,False,True,433,231,5,False
Uce19bb4b,S10e34bfebd,1,2026-08-31T23:07:08,mobile_app,image,family,Where is gate B12?,find_gate,find_gate,0.658,False,True,1696,993,5,False
Uce19bb4b,S12e9da757c,0,2026-09-05T22:52:00,kiosk,text,family,Where is the nearest information desk?,information_desk,information_desk,0.985,False,True,698,254,5,False
Uce19bb4b,S12e9da757c,1,2026-09-05T22:52:59,kiosk,text,family,"I've lost my child, who do I contact?",lost_child,lost_child,0.675,False,True,418,170,5,False
Uce19bb4b,S12e9da757c,2,2026-09-05T22:53:57,kiosk,text,family,Where is the shuttle bus stop?,transport,transport,0.796,False,True,1128,614,5,False
Uce19bb4b,S7ee7d6d704,0,2026-08-31T17:12:00,mobile_app,text,family,Where is the nearest emergency exit?,emergency_exit,fallback,0.4,True,False,882,345,2,False
Uce19bb4b,S7ee7d6d704,1,2026-08-31T17:12:32,mobile_app,text,family,Where can I rent a car?,car_rental,car_rental,0.984,False,True,1263,652,5,False
Uce19bb4b,S50bb953599,0,2026-09-03T03:20:00,mobile_app,text,family,Where is gate B12?,find_gate,find_gate,0.719,False,True,397,233,4,False
Uce19bb4b,S50bb953599,1,2026-09-03T03:21:27,mobile_app,voice,family,What time does boarding start for my flight?,boarding_time,boarding_time,0.775,False,True,2593,1334,4,False
Uce19bb4b,S50bb953599,2,2026-09-03T03:22:48,mobile_app,text,family,Where can I pray at the airport?,prayer_room,prayer_room,0.853,False,True,995,462,5,False
Uce19bb4b,S50bb953599,3,2026-09-03T03:23:19,mobile_app,voice,family,"I need special assistance, I use a wheelchair.",special_assistance,information_desk,0.467,False,False,3684,1321,2,False
Uce19bb4b,S50bb953599,4,2026-09-03T03:23:57,mobile_app,voice,family,How do I get to baggage claim?,baggage_claim,baggage_claim,0.641,False,True,2412,1125,5,False
Uce19bb4b,S50bb953599,5,2026-09-03T03:24:54,mobile_app,voice,family,Where is the ride-hailing pickup zone?,uber_pickup,uber_pickup,0.647,False,True,1043,552,5,False
U9f431159,S1a16989072,0,2026-09-04T15:12:00,kiosk,text,transit,Is there halal food available at the airport?,halal_food,halal_food,0.618,False,True,676,301,4,False
U9f431159,S1a16989072,1,2026-09-04T15:12:16,kiosk,image,transit,Where do I go through passport control?,immigration,immigration,0.562,False,True,1565,909,5,False
U9f431159,S1a16989072,2,2026-09-04T15:13:43,kiosk,text,transit,"I have a connecting flight, where do I go?",transit_connection,hotel_shuttle,0.465,False,False,569,332,2,False
U9f431159,Seb1bfcba03,0,2026-09-01T10:07:00,mobile_app,image,transit,Where do I go through passport control?,immigration,fallback,0.439,True,False,2028,769,1,False
U9f431159,Seb1bfcba03,1,2026-09-01T10:07:31,mobile_app,image,transit,Where is gate B12?,find_gate,boarding_time,0.686,False,False,4397,1666,2,False
U9f431159,Seb1bfcba03,2,2026-09-01T10:08:19,mobile_app,text,transit,"I have a connecting flight, where do I go?",transit_connection,transit_connection,0.654,False,True,822,334,5,False
U9f431159,Seb1bfcba03,3,2026-09-01T10:08:29,mobile_app,voice,transit,Where is the baggage drop counter?,baggage_drop,baggage_drop,0.743,False,True,1089,481,5,False
Ufe064519,Sa5feba0439,0,2026-09-02T13:20:00,mobile_app,text,business,Where is a power outlet in the terminal?,charging_station,charging_station,0.915,False,True,696,290,4,False
Ufe064519,Sa5feba0439,1,2026-09-02T13:21:11,mobile_app,text,business,What time does boarding start for my flight?,boarding_time,boarding_time,0.815,False,True,1189,621,4,False
Ufe064519,Sa5feba0439,2,2026-09-02T13:22:11,mobile_app,image,business,Where is the transfer desk for connecting passengers?,transfer_desk,information_desk,0.546,False,False,1070,424,2,False
Ufe064519,Sa5feba0439,3,2026-09-02T13:23:18,mobile_app,text,business,Where can I find an ATM?,atm,atm,0.882,False,True,586,227,4,False
